Question,anthropic/claude-3-opus,claude-3_unambiguous,claude-3_revised_question,claude-3_revised_question_answer
The StackADT's pop operation:,"A. removes the item least recently added to the stack
B. removes the item most recently added to the stack (X)
C. removes a randomly selected item from the stack
D. removes all items from the stack",N,"To rephrase the question as an unambiguous multiple-choice question suitable for an exam, you could frame it as follows:

Which of the following statements accurately describes the behavior of the pop operation in a Stack ADT?

A. Removes and returns the element at the front of the stack.
B. Removes and returns the element at the rear of the stack.
C. Removes and returns the element most recently added to the stack.
D. Removes and returns an element from a random position in the stack.

The correct answer would be option C: ""Removes and returns the element most recently added to the stack.""

This phrasing clearly specifies the expected behavior of the pop operation in a Stack ADT, and the multiple-choice options provide distinct and unambiguous alternatives, making it suitable for an exam question.","Which of the following statements accurately describes the behavior of the pop operation in a Stack ADT?

A. Removes and returns the element at the front of the stack.
B. Removes and returns the element at the rear of the stack.
C. (X) Removes and returns the element most recently added to the stack.
D. Removes and returns an element from a random position in the stack."
You see the expression n = 100000 in some code that successfully compiles. What type can n not be?,"A. int
B. long
C. float
D. double (X)",N,"To rephrase the question as an unambiguous multiple-choice question suitable for an exam, you could ask:

Given the following code snippet that successfully compiles:

n = 100000

Which of the following data types CANNOT be used to declare the variable 'n' in this context?

A. int
B. long
C. float
D. double","A. short
B. byte
C. char
D. int (X)"
"public BallPanel extends javax.swing.JPanel {
     private Ball[] _balls;
     public BallPanel(){
        _balls = new Ball[20];
        for (int i=0;i<10;i++)
           _balls[i] = new Ball();
     }
     ...
  }

 
After I have instantiated a BallPanel using the above code, which of the following Java statements would work (if executed in some method of BallPanel)?  Assume Ball has a public getColor() method.","A. _balls[0].getColor(); (X)
B. _balls[10].getColor();
C. _balls[19].getColor();
D. _balls[20].getColor();",N,"To rephrase the question as a clear and unambiguous multiple-choice question suitable for an exam, you can structure it as follows:

Question:
Given the following code snippet:

```java
public BallPanel extends javax.swing.JPanel {
    private Ball[] _balls;
    public BallPanel() {
        _balls = new Ball[20];
        for (int i = 0; i < 10; i++)
            _balls[i] = new Ball();
    }
    // ...
}
```

Assuming `Ball` has a public `getColor()` method, which of the following statements would work if executed in a method of the `BallPanel` class after instantiating a `BallPanel` object?

A. `_balls[0].getColor();`
B. `_balls[10].getColor();`
C. `_balls[19].getColor();`
D. `_balls[20].getColor();`

Answer Choices:
A. Only A and B
B. Only A and C
C. Only A, B, and C
D. All of the above

Explanation:
The question clearly states the given code snippet and the assumption about the `Ball` class having a `getColor()` method. It then asks the student to identify which statements would work when executed in a method of the `BallPanel` class after instantiating a `BallPanel` object.

The answer choices are presented in a clear and concise manner, covering different combinations of the statements.

By structuring the question in this way, it becomes unambiguous and suitable for a multiple-choice question on an exam.","Question:
Given the following code snippet:

```java
public BallPanel extends javax.swing.JPanel {
    private Ball[] _balls;
    public BallPanel() {
        _balls = new Ball[20];
        for (int i = 0; i < 10; i++)
            _balls[i] = new Ball();
    }
    // ...
}
```

Assuming `Ball` has a public `getColor()` method, which of the following statements would work if executed in a method of the `BallPanel` class after instantiating a `BallPanel` object?

A. Only `_balls[0].getColor();` and `_balls[9].getColor();`
B. Only `_balls[0].getColor();` and `_balls[19].getColor();`
C. (X) Only `_balls[0].getColor();`, `_balls[9].getColor();`, and `_balls[10].getColor();`
D. `_balls[0].getColor();`, `_balls[10].getColor();`, `_balls[19].getColor();`, and `_balls[20].getColor();`"
"Suppose s is an instance of a stack that can store Strings, and I execute the following statements?
1. s.push(""Finland"");
2. s.push(""is"");
3. s.push(""my"");
4. String w = s.peek();
5. String x = s.pop();
6. s.push(""home"");
7. String y = s.pop();
8. String z = s.pop();

 
What is the value of z after executing these statements in order?","A. ""is""
B. ""my""
C. ""home"" (X)
D. ""Finland""",Y,None,"I apologize for the confusion, but I'm not able to generate distractors and a correct answer without a question provided. If you could please supply the multiple-choice question, I'd be happy to assist you in creating three plausible distractors and marking the correct answer with an (X). Please let me know the question, and I'll do my best to help."
Suppose you are trying to choose between an array and a linked list to store the data in your Java program. Which data structure can change size as needed while the program is running?,"A. Array
B. Linked List (X)
C. Both Array and Linked List
D. Neither Array nor Linked List",Y,None,"I apologize for the confusion, but it seems like the multiple-choice question is missing from your request. Could you please provide the question so that I can generate the distractors and the correct answer accordingly? I'll be happy to assist you once I have the necessary information."
"What will be outputted?
class A{
      int firstMethod(int input){
           return input+2;
     }
}
class B extends A{
}
class C extends B{
     int firstMethod(int input){
          return input-2;
     }
}
public class test {
     public static void main(String[] arg){
          B myObject = new B();
          System.out.println(myObject.firstMethod(2));
     }
}","A) 0
B) 2
C) 4 (X)
D) Compilation error",Y,None,"I apologize for the confusion, but I don't see any multiple-choice question in your request. Could you please provide the question so that I can assist you in generating three plausible distractors and one correct answer? Once you share the question, I'll be happy to help you create the answer options."
"Consider the following Java implementation of a Stack:
public class Stack<E> extends LinkedList<E>{
  private int size=0;
  public int size(){
    return size;
  }
  public void push(E e){
    add(e);
    size+=1;
  }
  public E pop() {
    size-=1;
    return removeLast();
  }
}

 
What does the following code output?
Stack<Integer> q=new Stack<Integer>();
q.push(10);
q.push(20);
q.clear();  // clear() is inherited from LinkedList

System.out.println(q.size());","A. 0
B. 1
C. 2
D. (X) Compilation error",N,"To rephrase the question as an unambiguous multiple-choice question suitable for an exam, you can present the code snippet and ask about the expected output. Here's an example:

Question:
Consider the following Java implementation of a Stack:

```java
public class Stack<E> extends LinkedList<E>{
  private int size=0;
  public int size(){
    return size;
  }
  public void push(E e){
    add(e);
    size+=1;
  }
  public E pop() {
    size-=1;
    return removeLast();
  }
}
```

What is the output of the following code?

```java
Stack<Integer> q=new Stack<Integer>();
q.push(10);
q.push(20);
q.clear();  // clear() is inherited from LinkedList

System.out.println(q.size());
```

A. 0
B. 2
C. 10
D. 20

The correct answer is A. The `clear()` method, inherited from the `LinkedList` class, removes all elements from the stack. However, it does not update the `size` variable in the `Stack` class. As a result, when `q.size()` is called, it returns the value of the `size` variable, which is 0.","Question:
Consider the following Java implementation of a Stack:

```java
public class Stack<E> extends LinkedList<E>{
  private int size=0;
  public int size(){
    return size;
  }
  public void push(E e){
    add(e);
    size+=1;
  }
  public E pop() {
    size-=1;
    return removeLast();
  }
}
```

What is the output of the following code?

```java
Stack<Integer> q=new Stack<Integer>();
q.push(10);
q.push(20);
q.clear();  // clear() is inherited from LinkedList

System.out.println(q.size());
```

A. 0
B. 2 (X)
C. A runtime exception is thrown
D. A compilation error occurs"
"What wil the following code print, assuming that N is a positive integer?
int count=0;
for (int i=0; i<N; i++) {
   if (i % 2 == 0) {
      count++;
   }
}
System.out.println(count);","A) N / 2
B) N
C) (N + 1) / 2 (X)
D) N - 1",N,"Rephrased question for a multiple-choice exam:

What will the following code snippet output when N is a positive integer?

```java
int count = 0;
for (int i = 0; i < N; i++) {
    if (i % 2 == 0) {
        count++;
    }
}
System.out.println(count);
```

A. The number of even integers between 0 and N-1, inclusive.
B. The number of odd integers between 0 and N-1, inclusive.
C. The value of N.
D. The value of N/2, rounded down to the nearest integer.

The correct answer is A. The code counts the number of even integers between 0 and N-1, inclusive. The if statement `i % 2 == 0` checks if `i` is divisible by 2, which is true for even numbers. The `count` variable is incremented for each even number encountered in the loop.","A. The number of odd integers between 0 and N-1, inclusive.
B. The value of N/2, rounded up to the nearest integer.
C. The number of even integers between 0 and N-1, inclusive. (X)
D. The value of N/2, rounded down to the nearest integer."
"Read the following method skeleton and choose the best expression to fill in the blank on line 5 so that the method will behave correctly:
/**
* Takes a string reference and counts the number of times
* the character 'A' or 'a' appears in the string object.
* @param aString   String reference to object containing chars.
* @precondition    aString is not null (you may assume this is true).
* @return          The number of times 'A' or 'a' appears in the string.
*/
public static int countAs(String aString)  // line 1
{
    int counter = __________;              // line 2
    int totalA = 0;                        // line 3
    while (counter < __________)           // line 4
    {
        if ( __________.equals(""A"") )      // line 5
        {
            totalA = totalA + __________;  // line 6
        }
        counter++;                         // line 7
    }
    return __________;                     // line 8
}","Here are three plausible distractors and one correct answer for the blank on line 5:

[ ] aString.length()
[ ] aString.substring(counter)
[ ] aString.charAt(counter) (X)
[ ] aString.indexOf(counter)",N,"Here's the rephrased question suitable for a multiple-choice exam:

Which expression should be used to fill in the blank on line 5 to make the method behave correctly?

A. aString.charAt(counter)
B. aString.substring(counter, counter + 1)
C. aString.charAt(counter).toString()
D. Character.toString(aString.charAt(counter))

The correct answer is: D. Character.toString(aString.charAt(counter))

Explanation:
- Option A is incorrect because the `charAt()` method returns a `char` value, which cannot be directly compared with the string ""A"" using the `equals()` method.
- Option B is incorrect because the `substring()` method returns a string, but it extracts a substring from the specified start index (inclusive) to the end index (exclusive), which is not suitable for comparing a single character.
- Option C is incorrect because the `charAt()` method returns a `char` value, and invoking `toString()` directly on a `char` is not valid.
- Option D is correct because `Character.toString(aString.charAt(counter))` converts the character at the specified index to a string, allowing it to be compared with the string ""A"" using the `equals()` method.","Question:
What is the purpose of the `final` keyword in Java?

Multiple-choice options:
A. To define a constant value that cannot be modified
B. To create a method that cannot be overridden by subclasses
C. To specify a class that cannot be inherited by other classes
D. To indicate that a variable is accessible only within the same package

(X) A. To define a constant value that cannot be modified"
"You've got an algorithm that is O(log N). On the first run, you feed it a collection of size M. On the second run, you feed it a collection of size M / 2. Assuming each run has worst-case performance, how many fewer operations does the second run take?","A) The second run takes O(log M) fewer operations
B) The second run takes O(log 2) fewer operations
C) The second run takes 1 fewer operation
D) The second run takes O(1) fewer operations (X)",N,"To rephrase the question as an unambiguous multiple-choice question suitable for an exam, you could modify it as follows:

Question:
An algorithm with a time complexity of O(log N) is executed twice. In the first run, the input size is M. In the second run, the input size is reduced to M / 2. Assuming both runs exhibit worst-case performance, how many fewer operations does the second run perform compared to the first run?

A) log(M) - log(M/2)
B) log(M/2)
C) log(2)
D) log(M) / 2

Explanation:
- The question clearly states the time complexity of the algorithm and the input sizes for both runs.
- It emphasizes that both runs have worst-case performance.
- The multiple-choice options provide distinct and plausible answers.
- The correct answer would be option C) log(2), as the difference in the number of operations between the two runs is log(M) - log(M/2) = log(M) - (log(M) - log(2)) = log(2).

By rephrasing the question in this manner, it becomes more suitable for an exam format, reducing ambiguity and providing clear options for the student to choose from.","Question:
An algorithm with a time complexity of O(log N) is executed twice. In the first run, the input size is M. In the second run, the input size is reduced to M / 2. Assuming both runs exhibit worst-case performance, how many fewer operations does the second run perform compared to the first run?

A) log(M) - log(M/2)
B) log(M/2)
C) log(2) (X)
D) log(M) / 2"
Two algorithms accomplish the same task on a collection of N items. Algorithm A performs (N/2)3 operations. Algorithm B performs N2 operations. Under what conditions does algorithm A offer strictly better performance?,"A. When N is less than 8
B. When N is greater than 8
C. When N is equal to 8
D. (X) When N is greater than 4",Y,None,"I apologize for the confusion, but I'm not able to generate distractors and a correct answer without a given multiple-choice question. Could you please provide the question for which you need the answer options? Once you share the question, I'll be happy to assist you in creating three plausible distractors and marking the correct answer with an (X), without any explanation."
"What does the following Java code print?
int outer=0;
for (int i=0; i<12; i++) {
   if (i % 2 == 0) {
      outer++;
   }
}
System.out.println(outer);","A. 5
B. 6 (X)
C. 7
D. 12",Y,None,"I apologize, but I'm not able to generate distractors and a correct answer without a multiple-choice question to base them on. Could you please provide the question for which you'd like me to create the answer options? I'll be happy to assist you once I have the necessary information."
What abstract data type is best suited to help us implement a breadth-first search?,"Based on the given multiple-choice question, here are three plausible distractors and one correct answer:

A. Stack
B. Queue (X)
C. Linked List
D. Hash Table",Y,None,"I apologize for the confusion, but I don't see a multiple-choice question in your message. Could you please provide the question you'd like me to generate distractors and the correct answer for? Once you share the question, I'll be happy to assist you."
Locating a new node's insertion point in a binary search tree stops when,"A. the new node's value matches an existing node's value
B. the new node is added as a child of a leaf node
C. the new node's value is greater than the root node's value
D. (X) a leaf node is reached and the new node is not present in the tree",N,"To rephrase the question as an unambiguous multiple-choice question suitable for an exam, you could write it as follows:

When inserting a new node into a binary search tree, the process of locating the insertion point stops when:

A. The new node's value is equal to the value of the current node.
B. The new node's value is greater than the value of the current node.
C. The new node's value is less than the value of the current node.
D. The current node is a leaf node (i.e., it has no children).

This rephrased question clearly presents the scenario and provides four distinct options for the student to choose from. The correct answer would be option D, as the insertion point is found when the traversal reaches a leaf node, indicating that the new node should be inserted as a child of that leaf node.","When inserting a new node into a binary search tree, the process of locating the insertion point stops when:

A. The new node's value is equal to the value of the current node.
B. The new node's value is greater than the value of the current node.
C. The new node's value is less than the value of the current node.
D. (X) The current node is a leaf node (i.e., it has no children)."
"If you did not have a base case in a recursive function in C, and were working on a modern Unix-based system, what would most likely happen?","A. The function would return the correct result. 
B. The function would return an incorrect result.
C. The program would crash with a stack overflow error. (X)
D. The program would enter an infinite loop.",Y,None,"I apologize, but you haven't provided a multiple-choice question for me to generate distractors and a correct answer. Please provide the question, and I'll be happy to assist you in creating three plausible distractors and marking the correct answer with an (X) without any explanation."
"William has the hash function: hash function h(k) = (sum of the digits) % 10. He wants to hash 33, 60, 24, 42 and 6.
Which collision resolution method should he chose in his implementation, if he wants to ensure that adding 80 happens in O(1) time?","A. Chaining
B. Linear probing
C. Quadratic probing (X)
D. Double hashing",N,"To rephrase the question as an unambiguous multiple-choice question suitable for an exam, you can present the problem statement clearly and provide distinct options for the students to choose from. Here's an example:

Question:
William has implemented a hash function h(k) = (sum of the digits) % 10. He wants to hash the following keys: 33, 60, 24, 42, and 6. If William wants to ensure that adding the key 80 to the hash table happens in O(1) time, which collision resolution method should he choose for his implementation?

Options:
A. Separate chaining with linked lists
B. Linear probing
C. Quadratic probing
D. Double hashing

Explanation:
- The problem statement clearly outlines the hash function and the keys to be hashed.
- The question specifically asks about the collision resolution method that ensures O(1) time complexity for adding the key 80.
- The options provide distinct collision resolution methods commonly used in hash table implementations.

By presenting the question in this format, students can focus on understanding the problem and selecting the most appropriate collision resolution method based on the given information and the desired time complexity for adding a specific key.","Question:
William has implemented a hash function h(k) = (sum of the digits) % 10. He wants to hash the following keys: 33, 60, 24, 42, and 6. If William wants to ensure that adding the key 80 to the hash table happens in O(1) time, which collision resolution method should he choose for his implementation?

Options:
A. Separate chaining with linked lists (X)
B. Linear probing
C. Quadratic probing
D. Double hashing"
"What would the following line of code do with a form named frmMain?
frmMain.Caption = txtName.Text","A. Set the text of the txtName textbox to the caption of the frmMain form.
B. Set the caption of the frmMain form to the text of the txtName textbox. (X)
C. Assign the caption of the frmMain form to a variable named txtName.Text.
D. Generate an error because the code is syntactically incorrect.",Y,None,"I apologize, but you haven't provided a multiple-choice question for me to generate distractors and a correct answer for. Could you please provide the question so that I can assist you better?"
Which of the following abstract datatypes would be the best choice for part of the implementation of the back button on a Web browser?,"A. Queue
B. Stack (X)
C. Linked List
D. Binary Search Tree",N,"To rephrase the question as an unambiguous multiple-choice question suitable for an exam, you can modify it as follows:

Which of the following abstract data types would be the most appropriate choice for implementing the history functionality of a web browser's back button?

A) Queue
B) Stack
C) Tree
D) Linked List

Explanation:
- A stack is the most suitable abstract data type for implementing the history functionality of a web browser's back button. When a user visits a new web page, the URL of that page is pushed onto the stack. When the user clicks the back button, the most recently visited URL is popped from the stack, and the browser navigates to that page.
- A queue follows a First-In-First-Out (FIFO) order, which is not appropriate for the back button functionality as it would navigate to the least recently visited page.
- A tree is a hierarchical data structure and is not the best fit for the linear nature of browser history.
- A linked list could be used to implement browser history, but it is less efficient compared to a stack, as it requires traversing the list to reach the most recently visited page.

By presenting the question in this format, it clearly states the problem and provides distinct options for the student to choose from. The explanation justifies why the stack is the most appropriate choice among the given options.","Which of the following abstract data types would be the most appropriate choice for implementing the history functionality of a web browser's back button?

A) Queue
B) Linked List
C) Stack (X)
D) Tree"
"Given the following Java class declaration:
public class T2int
{
    private int i;

    public T2int()
    {
        i = 0;
    }

    public T2int(int i)
    {
        this.i = i;
    }

    public int get()
    {
        return i;
    }
}

 
The following method, called rangeSum(), is intended to take three parameters: a List of T2int objects, plus the low and high end of a range within the list. The method computes the sum of the values in the List that are within the ""range"" (but not including the range end values). Choose the best choice to fill in the blank on Line 8 so that the method will work as intended:
public int rangeSum(List<T2int> list, int low, int high)
{
    int num = 0;                                 // Line 1
    int sum = 0;                                 // Line 2

    for (int idx = 0; idx < list.size(); idx++)  // Line 3
    {
        int ival = list.get(idx).get();          // Line 4
        if (__________)                          // Line 5
        {
            num++;                               // Line 6
            sum = __________;                    // Line 7
        }
    }
    return __________;                           // Line 8
}","A. sum + num
B. sum + ival
C. sum
D. (X) sum / num",N,"To rephrase the question as a multiple-choice question suitable for an exam, you can structure it as follows:

Question:
Given the following Java class declaration:

```java
public class T2int {
    private int i;

    public T2int() {
        i = 0;
    }

    public T2int(int i) {
        this.i = i;
    }

    public int get() {
        return i;
    }
}
```

The `rangeSum()` method takes three parameters: a `List` of `T2int` objects, the lower bound (`low`), and the upper bound (`high`) of a range within the list. The method computes the sum of the values in the `List` that are within the range (excluding the range end values).

Choose the best option to fill in the blanks on Lines 5, 7, and 8 so that the method works as intended:

```java
public int rangeSum(List<T2int> list, int low, int high) {
    int num = 0;                                 // Line 1
    int sum = 0;                                 // Line 2

    for (int idx = 0; idx < list.size(); idx++)  // Line 3
    {
        int ival = list.get(idx).get();          // Line 4
        if (__________)                          // Line 5
        {
            num++;                               // Line 6
            sum = __________;                    // Line 7
        }
    }
    return __________;                           // Line 8
}
```

Options:
A. Line 5: `ival > low && ival < high`, Line 7: `sum + ival`, Line 8: `sum`
B. Line 5: `ival >= low && ival <= high`, Line 7: `sum + ival`, Line 8: `sum / num`
C. Line 5: `ival > low && ival < high`, Line 7: `sum + num`, Line 8: `sum`
D. Line 5: `ival >= low && ival < high`, Line 7: `sum + ival`, Line 8: `sum`","A. Line 5: `ival >= low && ival < high`, Line 7: `sum + ival`, Line 8: `sum / num`
B. Line 5: `ival > low && ival <= high`, Line 7: `sum + ival`, Line 8: `sum`
C. Line 5: `ival < low || ival > high`, Line 7: `sum + ival`, Line 8: `sum`
D. (X) Line 5: `ival >= low && ival < high`, Line 7: `sum + ival`, Line 8: `sum`"
"After the following syntactically correct code is executed, where will Karel be standing and which direction will the robot be facing? How many beepers will karel be carrying? There are beepers at (2,2), (2,3), (2,4), (2,5), (2,6). (Note: a beeper at (2,5) means there is a beeper at the intersection of 2nd street and 5th avenue.)
def task ():  karel = Robot (2,2,East,0);  while (karel.nextToABeeper()):    karel.turnLeft()    karel.move()    for i in range (2):      karel.turnLeft()
    karel.move()    karel.turnLeft()    if (karel.nextToABeeper()):      karel.pickBeeper()      karel.move()
  karel.move()  karel.turnOff()","A. Karel will be at (1, 7), facing West, carrying 1 beeper.
B. Karel will be at (1, 6), facing East, carrying 0 beepers.
C. Karel will be at (2, 7), facing East, carrying 1 beeper.
D. (X) Karel will be at (1, 6), facing West, carrying 1 beeper.",N,"Here's a rephrased version of the question suitable for a multiple-choice exam:

Question:
Consider the following syntactically correct code:

```python
def task():
    karel = Robot(2, 2, East, 0)
    while karel.nextToABeeper():
        karel.turnLeft()
        karel.move()
        for i in range(2):
            karel.turnLeft()
        karel.move()
        karel.turnLeft()
        if karel.nextToABeeper():
            karel.pickBeeper()
            karel.move()
    karel.move()
    karel.turnOff()
```

Assuming there are beepers at (2,2), (2,3), (2,4), (2,5), and (2,6), after the code is executed:

A. Where will Karel be standing?
   1. (2, 2)
   2. (2, 3)
   3. (2, 4)
   4. (2, 5)
   5. (2, 6)

B. Which direction will Karel be facing?
   1. North
   2. East
   3. South
   4. West

C. How many beepers will Karel be carrying?
   1. 0
   2. 1
   3. 2
   4. 3
   5. 4

Note: A beeper at (2, 5) means there is a beeper at the intersection of 2nd street and 5th avenue.

This rephrased version breaks down the original question into three separate multiple-choice questions, each focusing on a specific aspect of Karel's state after the code execution. This format makes the question more suitable for an exam and reduces ambiguity by providing clear answer choices.","Here are the three multiple-choice questions with plausible distractors and the correct answer marked with an (X):

A. Where will Karel be standing?
   1. (2, 2)
   2. (2, 3)
   3. (2, 4)
   4. (2, 5)
   5. (2, 6) (X)

B. Which direction will Karel be facing?
   1. North
   2. East (X)
   3. South
   4. West

C. How many beepers will Karel be carrying?
   1. 0
   2. 1
   3. 2
   4. 3 (X)
   5. 4"
"The following method, called maxRow(), is intended to take one parameter: a List where the elements are Lists of Integer objects. You can think of this parameter as a matrix--a list of rows, where each row is a list of ""cells"" (plain integers). The method sums up the integers in each row (each inner list), and returns the index (row number) of the row with the largest row sum. Choose the best choice to fill in the blank on Line 5 so that this method works as intended:
public static int maxRow(List<List<Integer>> matrix)
{
    int maxVec = -1;                                // Line 1
    int maxSum = Integer.MIN_VALUE;                 // Line 2

    for (int row = 0; row < __________; row++)      // Line 3
    {
        int sum = 0;                                // Line 4
        for (int col = 0; col < __________; col++)  // Line 5
        {
            sum = sum + __________;                 // Line 6
        }
        if (___________)                            // Line 7
        {
            maxSum = __________;                    // Line 8
            maxVec = __________;                    // Line 9
        }
    }
    return maxVec;                                  // Line 10
}","(a) matrix[row].size()
(b) matrix.size()
(c) matrix.get(row).size()      (X)
(d) matrix.get(row).length()",N,"Here's the rephrased question as a multiple-choice question suitable for an exam:

Consider the following method named `maxRow()` that takes a single parameter: a `List` where the elements are `List`s of `Integer` objects. This parameter can be thought of as a matrix, where each inner `List` represents a row, and each element within the inner `List` represents a ""cell"" (an integer). The method calculates the sum of the integers in each row and returns the index (row number) of the row with the largest row sum.

Choose the best option to fill in the blank on Line 5 so that the method works as intended:

```java
public static int maxRow(List<List<Integer>> matrix)
{
    int maxVec = -1;                                // Line 1
    int maxSum = Integer.MIN_VALUE;                 // Line 2

    for (int row = 0; row < matrix.size(); row++)   // Line 3
    {
        int sum = 0;                                // Line 4
        for (int col = 0; col < __________; col++)  // Line 5
        {
            sum = sum + matrix.get(row).get(col);   // Line 6
        }
        if (sum > maxSum)                           // Line 7
        {
            maxSum = sum;                           // Line 8
            maxVec = row;                           // Line 9
        }
    }
    return maxVec;                                  // Line 10
}
```

A. `matrix.get(col).size()`
B. `matrix.size()`
C. `matrix.get(row).size()`
D. `row`","A. `matrix.size()`
B. `matrix.get(col).size()`
C. `col` (X)
D. `matrix.get(row).size()`"
"You know exactly how much data you need to store, but there's not much of it. You do need to be able to search the collection quickly. What is the simplest data structure that best suits for your needs?","A. Linked List
B. Hash Table
C. Array (X)
D. Binary Search Tree",N,"Here's a rephrased version of the question that would be suitable for a multiple-choice question on an exam:

You have a small amount of data that needs to be stored, and the exact size of the data is known in advance. Quick searching of the collection is a requirement. Which of the following data structures is the most suitable for this scenario?

A. Array
B. Linked List
C. Hash Table
D. Binary Search Tree","A. Array (X)
B. Linked List
C. Hash Table 
D. Binary Search Tree"
Which of the following recommendations for testing software is good advice?,"A. Test as you code, so you can identify issues early on.

B. Wait until the end of the development cycle to start testing.

C. Only test the critical features of the software to save time.

D. Rely solely on manual testing to catch all possible bugs. (X)",N,"To make the question unambiguous and suitable for a multiple-choice question on an exam, you could rephrase it as follows:

Which of the following is considered a best practice when testing software?

A. Test only the critical features of the software to save time.
B. Conduct testing without a clear plan or documentation.
C. Develop comprehensive test cases that cover various scenarios and edge cases.
D. Perform testing only after the software development is complete.

The correct answer would be option C: Develop comprehensive test cases that cover various scenarios and edge cases.","To make the question unambiguous and suitable for a multiple-choice question on an exam, you could rephrase it as follows:

Which of the following is considered a best practice when testing software?

A. Focus testing efforts on finding as many defects as possible, regardless of their severity.
B. (X) Develop and execute a comprehensive test plan that covers various scenarios and edge cases.
C. Rely solely on automated testing tools to ensure the software is free of defects.
D. Perform testing only after the software development is complete to save time and resources."
"What will be printed by this code?
      public static void main(String [] args){
            int number = 6;
            int secondNumber = changeNumber (number);
            System.out.print(number + "" "" + secondNumber);
      }
      public static int changeNumber(int number){
            number = 12;
            return number;
      }","A) 12 12
B) 6 6
C) 6 12 (X)
D) 12 6",Y,None,"I apologize, but you haven't provided a multiple-choice question for me to generate distractors and a correct answer for. Could you please provide the question so that I can assist you better?"
You need to sort an array but have no extra memory to spare. Which algorithm do you avoid?,"A) Bubble Sort
B) Selection Sort
C) Merge Sort
D) Heap Sort (X)",N,"To rephrase the question as an unambiguous multiple-choice question suitable for an exam, you could ask:

When sorting an array in-place (i.e., without using extra memory), which of the following sorting algorithms should be avoided?

A) Bubble Sort
B) Selection Sort
C) Insertion Sort
D) Merge Sort

The correct answer would be option D) Merge Sort, as it requires extra memory to merge the sorted subarrays, making it unsuitable for in-place sorting when no extra memory is available.","Here are three plausible distractors and the correct answer for the given question:

When sorting an array in-place (i.e., without using extra memory), which of the following sorting algorithms should be avoided?

A) Bubble Sort
B) Selection Sort
C) Insertion Sort
D) Merge Sort (X)"
"What does the following Java code produce?
int result=1;
for (int i=1; i<=N; i++) {
   result *= 2;
}
System.out.println(result);","A. N^2
B. 2N
C. 2^N (X)
D. N!",N,"Rephrased question:

What is the value of the variable ""result"" printed by the following Java code snippet if N is a positive integer?

int result = 1;
for (int i = 1; i <= N; i++) {
    result *= 2;
}
System.out.println(result);

Multiple choice options:
A. N
B. N * 2
C. 2^N
D. 2^(N+1)

The correct answer would be option C: 2^N. The code multiplies the variable ""result"" by 2 in each iteration of the loop, which runs from 1 to N (inclusive). Initially, ""result"" is set to 1, so the final value of ""result"" will be 2 multiplied by itself N times, which is equal to 2 raised to the power of N (2^N).","A. N + 1
B. 2^(N-1)
C. 2^N (X)
D. 2^(N+2)"
"How many objects are created in the following declaration?
String name;","A. 0
B. 1
C. 2
D. 3 (X)",N,"To rephrase the question as an unambiguous Multiple Choice Question (MCQ) for an exam, you can consider the following:

How many objects are created by the following declaration?

String name;

A. 0
B. 1
C. 2
D. It depends on the context

Explanation:
The correct answer is A. 0.

The declaration `String name;` only declares a reference variable named `name` of type `String`. It does not create any `String` objects. The `name` variable is simply a reference that can hold the memory address of a `String` object, but it does not actually create an object.

To create a `String` object, you would need to use the `new` keyword or assign a string literal to the `name` variable. For example:

```java
String name = new String(""John""); // Creates a new String object
// or
String name = ""John""; // Creates a String object using a string literal
```

In the given declaration `String name;`, no objects are created, and the `name` variable is initialized with the default value of `null`.","How many objects are created by the following declaration?

String name;

A. 1
B. 2
C. It depends on the context
D. 0 (X)"
Suppose you have a Java array of ints. What is the worst-case time complexity of retrieving a value from a given location in the array?,"A. O(n), where n is the size of the array
B. O(log n), where n is the size of the array
C. O(1) (X)
D. O(n^2), where n is the size of the array",Y,None,"I apologize, but I don't have enough information to generate distractors and a correct answer. You haven't provided a multiple-choice question for me to base the options on. If you provide the question, I'll be happy to assist you in creating three plausible distractors and marking the correct answer with an (X), without any explanation."
"Suppose q is an instance of a queue that can store Strings, and I execute the following statements starting with q empty:
1. q.enqueue(""Sweden"");
2. q.enqueue(""is"");
3. q.enqueue(""my"");
4. String w = q.dequeue();
5. String x = q.peek();
6. q.enqueue(""neighbor"");
7. String y = q.dequeue();
8. String z = q.dequeue();

 
What is the value of z after executing these expressions in order?","A. ""my""
B. ""is"" (X)
C. ""neighbor""
D. ""Sweden""",Y,None,"I apologize for the confusion, but I don't see a multiple-choice question in the given context. Could you please provide the question so that I can better assist you in generating three plausible distractors and one correct answer?"
You are writing a depth-first search on a platform that doesn't support recursion. What data structure can help you complete your task?,"A. Stack (X)
B. Queue
C. Heap
D. Linked List",Y,None,"I apologize, but you haven't provided a multiple-choice question for me to generate distractors and a correct answer. Could you please provide the question so that I can assist you better?"
"Suppose you've got a generic class:
class Rosters<T> {
  ...
}

 
You create a Rosters instance:
Rosters<ArrayList<String>> rosters; 
What is the erasure type of Rosters?","A. Rosters<ArrayList<String>>
B. Rosters<ArrayList>
C. Rosters<String>
D. Rosters (X)",Y,None,"I apologize for the confusion, but I'm not able to generate distractors and a correct answer without being provided with a multiple-choice question. If you can share the question you'd like me to work with, I'll be happy to assist you in creating three plausible distractors and identifying the correct answer, marking it with an (X) and without any explanation."
"Read the following method skeleton and choose the best expression to fill in the blank on line 6 so that the method will behave correctly:
/**
* Takes a string reference and counts the number of times
* the character 'A' or 'a' appears in the string object.
* @param aString   String reference to object containing chars.
* @precondition    aString is not null (you may assume this is true).
* @return          The number of times 'A' or 'a' appears in the string.
*/
public static int countAs(String aString)  // line 1
{
    int counter = __________;              // line 2
    int totalA = 0;                        // line 3
    while (counter < __________)           // line 4
    {
        if ( __________.equals(""A"") )      // line 5
        {
            totalA = totalA + __________;  // line 6
        }
        counter++;                         // line 7
    }
    return __________;                     // line 8
}","Here are three plausible distractors and one correct answer for the blank on line 6:

( ) totalA
( ) counter
( ) aString.charAt(counter)
(X) 1",N,"Here's a rephrased version of the question that is unambiguous and suitable for a multiple-choice question on an exam:

Question:
Consider the following method skeleton that counts the number of times the character 'A' or 'a' appears in a given string. Choose the best expression to fill in the blank on line 6 so that the method will behave correctly:

```java
/**
* Takes a string reference and counts the number of times
* the character 'A' or 'a' appears in the string object.
* @param aString   String reference to object containing chars.
* @precondition    aString is not null (you may assume this is true).
* @return          The number of times 'A' or 'a' appears in the string.
*/
public static int countAs(String aString)  // line 1
{
    int counter = 0;                       // line 2
    int totalA = 0;                        // line 3
    while (counter < aString.length())     // line 4
    {
        if (aString.charAt(counter) == 'A' || aString.charAt(counter) == 'a')  // line 5
        {
            totalA = totalA + __________;  // line 6
        }
        counter++;                         // line 7
    }
    return totalA;                         // line 8
}
```

Options:
A. `counter`
B. `1`
C. `totalA`
D. `aString.length()`

The correct answer is: B. `1`","Here are three plausible distractors and the correct answer for the given multiple-choice question:

A. `counter`
B. `1` (X)
C. `aString.charAt(counter)`
D. `aString.length()`"
"The Fibonacci sequence is 0, 1, 1, 2, 3, 5, 8, 13 ... Any term (value) of the sequence that follows the first two terms (0 and 1) is equal to the sum of the preceding two terms. Consider the following incomplete method to compute any term of the Fibonacci sequence:
public static int fibonacci(int term)
{
    int fib1 = 0;          // Line 1
    int fib2 = 1;          // Line 2
    int fibn = 0;          // Line 3

    if (term == 1)         // Line 4
    {
        return fib1;       // Line 5
    }
    if (term == 2)         // Line 6
    {
        return fib2;       // Line 7
    }

    for (__________)       // Line 8: loop to the nth term
    {
        fibn = __________; // Line 9: compute the next term
        fib1 = __________; // Line 10: reset the second preceding term
        fib2 = __________; // Line 11: reset the immediate preceding term
    }
    return fibn;           // Line 12: return the computed term
}


Choose the best answer to fill in the blank on line 8.","A) int i = 0; i < term; i++
B) int i = 2; i < term; i++
C) int i = 3; i <= term; i++ (X)
D) int i = 1; i <= term - 2; i++",N,"The question can be rephrased as follows for a multiple-choice exam:

Consider the following incomplete Java method that computes the nth term of the Fibonacci sequence:

public static int fibonacci(int term)
{
    int fib1 = 0;          // Line 1
    int fib2 = 1;          // Line 2
    int fibn = 0;          // Line 3

    if (term == 1)         // Line 4
    {
        return fib1;       // Line 5
    }
    if (term == 2)         // Line 6
    {
        return fib2;       // Line 7
    }

    for (__________)       // Line 8: loop to the nth term
    {
        fibn = __________; // Line 9: compute the next term
        fib1 = __________; // Line 10: reset the second preceding term
        fib2 = __________; // Line 11: reset the immediate preceding term
    }
    return fibn;           // Line 12: return the computed term
}

Which of the following options should be used to fill in the blank on line 8 to correctly compute the nth term of the Fibonacci sequence?

A. int i = 1; i <= term; i++
B. int i = 2; i < term; i++
C. int i = 3; i <= term; i++
D. int i = 3; i < term; i++","Here are three plausible distractors and one correct answer for the given multiple-choice question:

A. int i = 1; i <= term; i++
B. int i = 2; i < term; i++
C. int i = 3; i <= term; i++
D. (X) int i = 3; i < term; i++"
"After the assignments x = 27 and y = 12, what is returned by not x <= y < x + y ?","A) True
B) False (X)
C) None
D) Error",Y,None,"I apologize, but you haven't provided a multiple-choice question for me to generate distractors and a correct answer. If you'd like me to assist you with this task, please provide the question, and I'll be happy to help."
"The following method isSorted should return true if the array x is sorted in ascending order. Otherwise, the method should return false:
public boolean isSorted (int[] x){
   //missing code goes here
}

Which of the following is the missing code from the method isSorted?","A. for (int i = 0; i < x.length - 1; i++) {
         if (x[i] > x[i + 1]) {
            return false;
         }
      }
      return true;
   (X)

B. for (int i = 0; i < x.length; i++) {
         if (x[i] < x[i + 1]) {
            return false;
         }
      }
      return true;
   

C. for (int i = 1; i < x.length; i++) {
         if (x[i] < x[i - 1]) {
            return false;
         }
      }
      return true;
   

D. for (int i = 0; i < x.length - 1; i++) {
         if (x[i] < x[i + 1]) {
            return true;
         }
      }
      return false;",N,"To make the question unambiguous and suitable for a multiple-choice question on an exam, you can rephrase it as follows:

Consider the following method `isSorted` that takes an integer array `x` as input:

```java
public boolean isSorted(int[] x) {
    // missing code goes here
}
```

The method should return `true` if the array `x` is sorted in ascending order, and `false` otherwise. Which of the following code segments should replace the comment `// missing code goes here` to correctly implement the functionality of the `isSorted` method?

A. ```java
   for (int i = 0; i < x.length - 1; i++) {
       if (x[i] > x[i + 1]) {
           return false;
       }
   }
   return true;
   ```

B. ```java
   for (int i = 0; i < x.length; i++) {
       if (x[i] < x[i + 1]) {
           return false;
       }
   }
   return true;
   ```

C. ```java
   for (int i = 0; i < x.length - 1; i++) {
       if (x[i] < x[i + 1]) {
           return true;
       }
   }
   return false;
   ```

D. ```java
   for (int i = 0; i < x.length; i++) {
       if (x[i] > x[i + 1]) {
           return true;
       }
   }
   return false;
   ```

In this rephrased version, the question clearly states the expected behavior of the `isSorted` method and provides four code segment options to choose from. The student should select the code segment that correctly implements the functionality of the `isSorted` method based on the given description.","A. (X)
```java
for (int i = 0; i < x.length - 1; i++) {
    if (x[i] > x[i + 1]) {
        return false;
    }
}
return true;
```

B.
```java
for (int i = 0; i < x.length; i++) {
    if (x[i] < x[i + 1]) {
        return false;
    }
}
return true;
```

C.
```java
for (int i = 0; i < x.length - 1; i++) {
    if (x[i] < x[i + 1]) {
        return true;
    }
}
return false;
```

D.
```java
for (int i = 0; i < x.length; i++) {
    if (x[i] > x[i + 1]) {
        return true;
    }
}
return false;
```"
"Consider the following two simple Java classes:
public class Base {
  protected int x;
}

public class Derived extends Base {
  protected int y;
}

 
Which of the following is/are legal?","A. Derived d = new Base();

B. Base b = new Derived();

C. Base b = (Derived) new Base();

D. (X) Derived d = (Derived) new Base();",N,"To make the question unambiguous and suitable for a multiple-choice question on an exam, you can rephrase it as follows:

Question:
Consider the following two Java classes:

```java
public class Base {
  protected int x;
}

public class Derived extends Base {
  protected int y;
}
```

Which of the following statements is/are true about the accessibility of the variables `x` and `y`?

A. `x` is accessible only within the `Base` class.
B. `x` is accessible within the `Base` class and its subclasses.
C. `y` is accessible only within the `Derived` class.
D. `y` is accessible within the `Derived` class and its subclasses.

Options:
1. A only
2. B only
3. C only
4. D only
5. B and C
6. B and D

In this rephrased question, the focus is on the accessibility of the variables `x` and `y` based on their `protected` access modifier. The question provides clear options that cover different combinations of accessibility for the variables in the given class hierarchy.

The correct answer would be option 6 (B and D), as `protected` members are accessible within the same package and in subclasses, even if they are in a different package.","Based on the given multiple-choice question, here are three plausible distractors and the correct answer:

1. A only
2. C only
3. B and C
4. B and D (X)"
C++ uses,"Based on the given stem ""C++ uses,"" here are three plausible distractors and one correct answer:

A. an interpreter to execute the code
B. a virtual machine to run the compiled bytecode
C. a garbage collector to manage memory allocation
D. (X) a compiler to translate the code into machine language",N,"To make the question unambiguous and suitable for a multiple-choice question on an exam, you could rephrase it as follows:

Which of the following does C++ use for memory management?

A. Automatic garbage collection
B. Manual memory management
C. Reference counting
D. A combination of manual memory management and smart pointers

The rephrased question clearly asks about the memory management mechanism used in C++, and provides four distinct options for the student to choose from. The correct answer would be option D, as C++ primarily uses manual memory management, but also supports smart pointers (such as std::unique_ptr and std::shared_ptr) to help manage memory and prevent leaks.","Which of the following does C++ use for memory management?

A. Automatic garbage collection
B. Manual memory management
C. Reference counting
D. A combination of manual memory management and smart pointers (X)"
Which of the following assertions about the effect of int(my_var) is correct?,"A. It rounds my_var to the nearest integer value.
B. It returns the absolute value of my_var.
C. It converts my_var to an integer by truncating the decimal part. (X)
D. It raises my_var to the power of 2.",N,"To make the question unambiguous and suitable for a multiple-choice question on an exam, you can rephrase it as follows:

Which of the following statements correctly describes the behavior of the int(my_var) function in Python?

A. It converts the value of my_var to an integer if possible, and raises a ValueError if the conversion is not possible.
B. It always converts the value of my_var to an integer, regardless of its original data type.
C. It converts the value of my_var to an integer if possible, and returns None if the conversion is not possible.
D. It checks if the value of my_var is already an integer and returns True or False accordingly.

This rephrasing clarifies that the question is specifically asking about the behavior of the int(my_var) function in Python. The multiple-choice options provide different possible assertions about the function's behavior, and the student must select the correct statement based on their understanding of the int() function.","Question:
What is the behavior of the int(my_var) function in Python?

A. It converts the value of my_var to an integer if possible, and returns the original value if the conversion is not possible.
B. It converts the value of my_var to an integer if possible, and returns 0 if the conversion is not possible.
C. (X) It converts the value of my_var to an integer if possible, and raises a ValueError if the conversion is not possible.
D. It converts the value of my_var to an integer if possible, and returns None if the conversion is not possible."
"What will be outputted?
String input = ""Home               is                             where the heart is"";
Scanner sc_input = new Scanner(input).useDelimiter(""\\s*is\\s*"");
while (sc_input.hasNext())
            System.out.println(sc_input.next());","A) Home
   where the heart
   
B) Home
   where the heart is
   
C) Home
   is
   where the heart
   
D) (X) Home
   where the heart",N,"Rephrased question for a multiple-choice exam:

What will be the output of the following code snippet?

String input = ""Home               is                             where the heart is"";
Scanner sc_input = new Scanner(input).useDelimiter(""\\s*is\\s*"");
while (sc_input.hasNext())
            System.out.println(sc_input.next());

A. Home
   where the heart

B. Home
   where the heart is

C. Home is where the heart is

D. Home
   where the heart
   

Answer: A

Explanation:
The code uses a Scanner to split the input string based on the delimiter pattern ""\\s*is\\s*"". This pattern matches the word ""is"" surrounded by any number of whitespace characters (\\s*).

When the Scanner encounters the delimiter, it splits the string at that point and returns the substring before the delimiter. The next() method of the Scanner returns the next token (substring) in the input.

In this case, the output will be:
Home
where the heart

The first token is ""Home"" before the first ""is"".
The second token is ""where the heart"" between the two occurrences of ""is"".
The last ""is"" is not printed because there is no more input after it.","A. Home
   where the heart

B. Home
   where the heart is

C. Home
   is
   where the heart

D. Home               is                             where the heart (X)"
"Assume that an object of the following class has just been created:
public class Unknown
{
    private int x;

    public Unknown()
    {
        x = 17;
        method1();
        method2(5);
        method3();
        System.out.println(x);      // Line D
    }

    public void method1()
    {
        --x;
        int x = this.x;
        x++;
        System.out.println(this.x); // Line A
    }

    public void method2(int x)
    {
        x++;
        System.out.println(x);      // Line B
    }

    public void method3()
    {
        --x;
        int x = 2;
        x++;
        System.out.println(x);      // Line C
    }
}

 
What output is produced by Line A when an instance of this class is created?","Here are three plausible distractors and one correct answer for the given multiple-choice question:

A. 18
B. 17
C. 16 (X)
D. 15",Y,None,"I apologize for the confusion, but it seems like the multiple-choice question is missing from your prompt. In order for me to generate three plausible distractors and one correct answer, I would need the actual question or problem statement. Please provide the multiple-choice question, and I'll be happy to assist you in creating the answer choices."
"Consider the following class for a Ninja:
public class Ninja {
  private int honor;
  public Ninja(int h) {
    this.honor=h;
  }
}

 
Suppose we instantiate two Ninjas like this:
Ninja n1=new Ninja(50);
Ninja n2=new Ninja(50);

 
Is the following statement True, False, or It Depends (i.e. depends on a factor external to this question)
n1.equals(n2)","A. True
B. False
C. It Depends
D. n1.equals(n2) will compile but throw a NullPointerException at runtime (X)",Y,None,"I apologize, but you haven't provided a multiple-choice question for me to generate distractors and a correct answer. Please provide the question, and I'll be happy to assist you in creating three plausible distractors and marking the correct answer with an (X)."
"Suppose you are writing software for a helpdesk. Each request is entered into the system as it arrives. 
Which of the following abstract datatypes would be the best choice to ensure that the requests are handled in exactly the same order in which they arrive?","A. Set
B. Stack
C. Queue (X)
D. Tree",Y,None,"I apologize for the confusion, but you haven't provided a multiple-choice question for me to generate distractors and a correct answer. Please provide the question, and I'll be happy to assist you in creating three plausible distractors and marking the correct answer with an (X) without any explanation."
"Consider the following class definition:
public class Mystery {
private ArrayList<Stuff> myStuff;
public Mystery() {   myStuff = new ArrayList<Stuff> ();}
public Stuff foo1 (int id) {   int i = 42;
   ... code deleted...
   return myStuff[i];}
public void foo2 (int id) {   int i = -2;
   ... code deleted...}
public Stuff foo3 (int id) {   int i = 0;   ... code deleted...   return myStuff[i];}
} // End of class Mystery
True or False: ""i"" should be upgraded to an instance variable.","A. True
B. False (X)
C. It depends on the deleted code in each method
D. ""i"" should be declared as a static variable",N,"To rephrase the question as an unambiguous multiple-choice question suitable for an exam, you can consider the following:

Question:
Consider the following class definition:

```java
public class Mystery {
    private ArrayList<Stuff> myStuff;

    public Mystery() {
        myStuff = new ArrayList<Stuff>();
    }

    public Stuff foo1(int id) {
        int i = 42;
        ... code deleted...
        return myStuff[i];
    }

    public void foo2(int id) {
        int i = -2;
        ... code deleted...
    }

    public Stuff foo3(int id) {
        int i = 0;
        ... code deleted...
        return myStuff[i];
    }
} // End of class Mystery
```

Which of the following statements best describes the usage of the variable ""i"" in the given code?

A. ""i"" should be upgraded to an instance variable because it is used in multiple methods.
B. ""i"" should remain as a local variable in each method because it has different values and purposes in each method.
C. ""i"" should be declared as a static variable because it is used in multiple methods.
D. ""i"" should be removed entirely because it serves no purpose in the given code.

Answer: B

Explanation:
In the given code, the variable ""i"" is used as a local variable in each method (foo1, foo2, and foo3). It has different values and purposes in each method, and its scope is limited to the respective methods. There is no need to upgrade ""i"" to an instance variable because its values are not shared or used across multiple method invocations. Each method invocation has its own separate copy of ""i"" with different values. Therefore, option B is the correct answer.","Question:
Consider the following class definition:

```java
public class Mystery {
    private ArrayList<Stuff> myStuff;

    public Mystery() {
        myStuff = new ArrayList<Stuff>();
    }

    public Stuff foo1(int id) {
        int i = 42;
        ... code deleted...
        return myStuff[i];
    }

    public void foo2(int id) {
        int i = -2;
        ... code deleted...
    }

    public Stuff foo3(int id) {
        int i = 0;
        ... code deleted...
        return myStuff[i];
    }
} // End of class Mystery
```

Which of the following statements best describes the usage of the variable ""i"" in the given code?

A. ""i"" should be upgraded to an instance variable because it is used in multiple methods.
B. (X) ""i"" should remain as a local variable in each method because it has different values and purposes in each method.
C. ""i"" should be declared as a static variable because it is used in multiple methods.
D. ""i"" should be removed entirely because it serves no purpose in the given code."
"The following code for a method ""minVal"" contains a logic error on a single line in the method body, on one of the four lines indicated by comments:public static int minVal(int[] y, int first, int last) {
/* This method returns the value of the minimum element in the
 * subsection of the array ""y"", starting at position
 * ""first"" and ending at position ""last"".
 */
 
  int bestSoFar = y[first];          // line 1
 
  for (int i=first+1; i<=last; i++)
  {
    if ( y[i] < y[bestSoFar] )       // line 2

       bestSoFar = y[i];             // line 3  } // for  return bestSoFar;                  // line 4} // method minValWhich one of the four lines indicated by the comments contains the logic error?","A. line 1
B. line 2 (X)
C. line 3
D. line 4",Y,None,"I apologize for the confusion, but you haven't provided a multiple-choice question for me to generate distractors and a correct answer. Please provide the multiple-choice question, and I'll be happy to assist you in creating three plausible distractors and marking the correct answer with an (X), without an explanation."
Which problem is not P (assuming P!=NP)?,"A) Traveling Salesman Problem
B) Linear Programming
C) Determining if a number is prime (X)
D) Boolean Satisfiability Problem (SAT)",N,"To rephrase the question as an unambiguous multiple-choice question suitable for an exam, you could write:

Assuming P ≠ NP, which of the following problems is not in the complexity class P?

A) Checking whether a given number is prime
B) Finding the shortest path between two vertices in a weighted graph
C) Determining whether a given Boolean formula is satisfiable
D) Sorting a list of integers in ascending order

In this rephrased question, the correct answer would be option C, as the Boolean Satisfiability Problem (SAT) is known to be NP-complete, and thus not in P, assuming P ≠ NP. The other options represent problems that are known to be solvable in polynomial time and therefore belong to the complexity class P.","Assuming P ≠ NP, which of the following problems is not in the complexity class P?

A) Checking whether a given graph is bipartite
B) Finding the maximum flow in a network
C) Determining whether a given Boolean formula is satisfiable (X)
D) Multiplying two n × n matrices"
What effect does the statement Option Explicit in the declaration section have on a Visual Basic module?,"A. It requires all variables to be declared before they are used. (X)
B. It automatically initializes all variables to their default values.
C. It allows the use of explicit data type conversions only.
D. It enables the use of late binding for object variables.",Y,None,"I apologize for the confusion, but I'm not seeing a multiple-choice question provided in your request. Could you please provide the question so that I can assist you in generating three plausible distractors and one correct answer? Once I have the question, I'll be happy to help you create the answer options."
"Suppose you try to perform a binary search on the unsorted array {1, 4, 3, 7, 15, 9, 24}. Which element will not be found when you try searching for it?","A) 1
B) 4
C) 15
D) 24 (X)",N,"Great question! Let's rephrase it to make it more suitable for a multiple-choice question on an exam. We'll also provide some answer options to complete the question.

Rephrased question:
Which of the following elements will not be found when performing a binary search on the unsorted array {1, 4, 3, 7, 15, 9, 24}?

A) 1
B) 4
C) 7
D) 9
E) None of the above

Explanation:
Binary search is an efficient search algorithm that works on sorted arrays. It repeatedly divides the search interval in half, comparing the middle element with the target value. However, the given array {1, 4, 3, 7, 15, 9, 24} is unsorted. Binary search will not work correctly on an unsorted array, and it may fail to find any element, even if it is present in the array.

Therefore, the correct answer is option E) None of the above. Since binary search requires a sorted array to function correctly, none of the elements can be reliably found using binary search on the given unsorted array.","Question: Which of the following elements will not be found when performing a binary search on the unsorted array {1, 4, 3, 7, 15, 9, 24}?

A) 3
B) 15
C) 24
D) None of the above (X)"
Which of the following is true of a Java interface?,"A. An interface can contain abstract methods and concrete methods. ()
B. An interface can contain only static final variables. ()
C. A class can implement multiple interfaces. (X)
D. An interface can be instantiated directly. ()",N,"To make the question unambiguous and suitable for a multiple-choice question on an exam, you can rephrase it as follows:

Which of the following statements accurately describes a characteristic of a Java interface?

A. An interface can contain concrete method implementations.
B. An interface can have instance variables.
C. An interface can be instantiated directly using the ""new"" keyword.
D. An interface defines a contract of methods that implementing classes must adhere to.

Explanation:
- Option A is incorrect because an interface cannot contain concrete method implementations. It can only declare abstract methods.
- Option B is incorrect because an interface cannot have instance variables. It can only declare constants (static final variables).
- Option C is incorrect because an interface cannot be instantiated directly using the ""new"" keyword. It must be implemented by a class.
- Option D is the correct answer. An interface defines a contract of methods that implementing classes must adhere to. It specifies the methods that a class must implement when it implements the interface.

By presenting the question in this format, it becomes clear and unambiguous, making it suitable for a multiple-choice question on an exam.","Here are three plausible distractors and one correct answer for the given multiple-choice question:

A. An interface can be instantiated directly using the ""new"" keyword.
B. An interface can contain concrete method implementations.
C. An interface can have instance variables.
D. (X) An interface defines a contract of methods that implementing classes must adhere to."
Inserting a node into a heap is,"A. O(1) time complexity
B. O(log n) time complexity (X)
C. O(n) time complexity
D. O(n^2) time complexity",N,"To rephrase the question to be unambiguous and suitable for a multiple-choice question on an exam, you can consider the following:

Inserting a node into a heap:
A) always takes O(1) time complexity.
B) always takes O(log n) time complexity.
C) always takes O(n) time complexity.
D) has a worst-case time complexity of O(log n) and an average-case time complexity of O(1).","Here are three plausible distractors and one correct answer for the given question:

A) always takes O(1) time complexity.
B) always takes O(log n) time complexity. (X)
C) always takes O(n) time complexity.
D) has a worst-case time complexity of O(n) and an average-case time complexity of O(log n)."
"Consider the following:
public void foo (int x) {
...
}
What is x?","A. A local variable
B. An instance variable
C. A class variable
D. A parameter (X)",N,"To rephrase the question as an unambiguous multiple-choice question suitable for an exam, you can consider the following:

In the given method signature:
```java
public void foo (int x) {
   ...
}
```
What does `x` represent?
A) The name of the method
B) The return type of the method
C) An exception thrown by the method
D) A parameter of the method

Explanation:
- Option A is incorrect because `foo` is the name of the method, not `x`.
- Option B is incorrect because `void` is the return type of the method, indicating that it doesn't return any value.
- Option C is incorrect because `x` is not an exception thrown by the method. It is a parameter.
- Option D is the correct answer. In the method signature, `int x` declares `x` as a parameter of the method, specifying that it expects an integer value to be passed when the method is called.

By providing clear and distinct options, the question becomes unambiguous and suitable for a multiple-choice format on an exam.","In the given method signature:
```java
public void foo (int x) {
   ...
}
```
What does `x` represent?
A) The name of the method
B) The return type of the method
C) An exception thrown by the method
D) (X) A parameter of the method"
