gemini_revised_question,8x7b_revised_question,7b_revised_question
"## Rephrasing the question for a multiple-choice exam:
 
 **Which of the following statements accurately describes the behavior of the `pop` operation in a StackADT?**
 
 **A.** Removes and returns the top element from the stack. 
 **B.** Removes and returns the bottom element from the stack.
 **C.** Adds an element to the top of the stack.
 **D.** Checks if the stack is empty.
 
 This rephrased question is unambiguous because it:
 
 * Clearly states the context of the question (StackADT).
 * Defines the specific operation being asked about (`pop`).
 * Provides clear and concise answer choices that cover the possible behaviors of the operation.
 * Uses formal language suitable for an exam setting.",None,"Which operation, in the context of the Stack Abstract Data Type (ADT), removes and returns the most recently pushed element?
 
 A) push
 B) pop
 C) peek
 D) top
 
 Answer: B) pop."
"**Question:**
 
 Given the code expression `n = 100000`, which of the following data types is **not** compatible with the value assigned to `n`?
 
 **Possible Answers:**
 
 - Integer
 - Float
 - Double
 - String
 - Boolean","Which of the following is a type that the variable ""n"" cannot be, given the expression ""n = 100000"" in a successfully compiled code?
 
 A) Integer
 B) Float
 C) Double
 D) Long
 
 Explanation:
 
 The question has been rephrased to be unambiguous and suitable for a multiple-choice question. The choices are clear and mutually exclusive. The only possible answer is (B) Float, as n is an integer literal with no decimal point, and it cannot be a double or a long since the code compiles without errors. The question is appropriate for an exam since it tests the examinee's understanding of variable types and how literal values are interpreted in a programming language.","Which data type cannot be represents by the variable n with the initial value of 100000 in the given code?
 
 A) Integer
 B) Float
 C) Character
 D) Boolean
 E) Array"
"## Unambiguous and suitable multiple-choice question:
 
 **Given the following code:**
 
 ```java
 public class BallPanel extends javax.swing.JPanel {
  private Ball[] _balls;
 
  public BallPanel() {
  _balls = new Ball[20];
  for (int i = 0; i < 10; i++) {
  _balls[i] = new Ball();
  }
  }
 
  // ...
 }
 ```
 
 **After you have instantiated a `BallPanel` using the above code, which of the following Java statements would work (if executed in some method of `BallPanel`)? Assume `Ball` has a public `getColor()` method.**
 
 **a)** `_balls[0].getColor();`
 
 **b)** `_balls[20].getColor();` 
 
 **c)** `_balls.getColor(0);` 
 
 **d)** `_balls[15].getColour() + 1;`
 
 **e)** None of the above. 
 
 This revised question clarifies several points: 
 
 * **Focuses on the specific code:** The context of the question is explicitly mentioned with the code snippet provided. 
 * **Asks for working statements:** It directly inquires about the statements that would function correctly.
 * **Provides additional information:** The assumption about the Ball class and its getColor() method is explicitly stated.
 * **Offers clear answer choices:** The options are well-defined and relevant to the code and question.
 * **Includes a ""None of the above"" option:** This allows the test-taker to acknowledge if none of the provided choices are correct.","Which of the following Java statements can be used to call the `getColor()` method of a `Ball` object in the `_balls` array of a `BallPanel` instance?
 
 A) `getColor(_balls[0])`
 B) `_balls[0].getColor()`
 C) `getColor(0, _balls)`
 D) `_balls.getColor(0)`
 
 Note: The correct answer is B, as it is the only statement that directly accesses the `getColor()` method of the `Ball` object at index 0 of the `_balls` array. The other options are incorrect and would not compile or run without errors.","Which statement correctly accesses the color of a Ball object in the _balls array of a BallPanel instance?
 
 A) BallPanel.this._balls[0].getColor()
 B) _balls[0].getColor()
 C) BallPanel._balls[0].getColor()
 D) this._balls[0].getColor()
 
 Answer: A. The correct syntax for accessing an instance variable of the current instance from within the same instance is using the ""this"" keyword followed by the instance variable name. However, since the BallPanel instance is already implied when accessing the _balls array, it is not strictly necessary to use ""this"" in this context. Therefore, options B and D are also correct and will work, but the most explicit and unambiguous option is A."
"## Rephrasing the question for a multiple-choice exam question:
 
 **Scenario:** You have a stack named `s` that can store strings. You execute the following statements in order:
 
 1. `s.push(""Finland"")`
 2. `s.push(""is"")`
 3. `s.push(""my"")`
 4. `String w = s.peek()` 
 5. `String x = s.pop()`
 6. `s.push(""home"")`
 7. `String y = s.pop()`
 8. `String z = s.pop()`
 
 **Question:** What is the value of `z` after executing these statements?
 
 **Answer Choices:**
 
 A. Finland
 B. home
 C. is
 D. my
 
 This phrasing clarifies the context and directly asks about the value of `z`, making it suitable for a multiple-choice question on an exam.",None,"Which String is assigned to the variable z after the given sequence of operations on a stack s that can store Strings has been executed?
 
 1. s.push(""Finland"");
 2. s.push(""is"");
 3. s.push(""my"");
 4. String w = s.peek();
 5. String x = s.pop();
 6. s.push(""home"");
 7. String y = s.pop();
 8. String z = s.pop();
 
 A) ""is""
 B) ""my""
 C) ""home""
 D) ""Finland"""
"## Multiple Choice Question:
 
 **Which data structure can dynamically change its size as needed during program execution in Java?** 
 
 A) Array
 B) Linked List
 C) String 
 D) Integer
 
 This phrasing ensures clarity and avoids ambiguity, making it suitable for a multiple-choice question on an exam.","Which of the following data structures in Java can dynamically change its size during program execution?
 
 A) Array
 B) Linked List
 
 Answer: B) Linked List
 
 Explanation: A linked list is a dynamic data structure that can change its size as needed during program execution. In contrast, an array has a fixed size that must be specified at the time of creation, and its size cannot be changed thereafter.","Which data structure in Java can dynamically resize itself during program execution?
 
 A) Array
 B) Linked List"
"Okay, I can help you rephrase the question and identify the output for the given code.
 
 **Unambiguous Multiple Choice Question:**
 
 **Given the following code:** 
 
 ```java
 class A{
 Â Â Â Â Â int firstMethod(int input){
 Â Â Â Â Â Â Â Â Â Â return input+2;
 Â Â Â Â }
 }
 class B extends A{
 }
 class C extends B{
 Â Â Â Â int firstMethod(int input){
 Â Â Â Â Â Â Â Â Â return input-2;
 Â Â Â Â }
 }
 public class test {
 Â Â Â Â public static void main(String[] arg){
 Â Â Â Â Â Â Â Â Â B myObject = new B();
 Â Â Â Â Â Â Â Â Â System.out.println(myObject.firstMethod(2));
 Â Â Â Â }
 }
 ```
 
 **What is the output of the code?**
 
 **(A)** 2
 **(B)** 4
 **(C)** 0
 **(D)** Compile-time error
 
 **Explanation:**
 
 - The code defines three classes: `A`, `B`, and `C`.
 - `A` has a method `firstMethod(int input)` that returns `input + 2`.
 - `B` extends `A`, so it inherits the `firstMethod(int input)` from `A`.
 - `C` extends `B`, and it overrides `firstMethod(int input)` to return `input - 2`.
 - In the `main` method:
  - An object `myObject` of type `B` is created.
  - `myObject.firstMethod(2)` is called. 
  - Since `myObject` is of type `B`, it will invoke the `firstMethod` of class `A`, not `C` (even though `C` overrides it). 
  - Therefore, `firstMethod(2)` of class `A` is executed, which returns `2 + 2`, resulting in the output `4`.
 
 **Output:**
 
 ```
 4
 ``` 
 
 **Therefore, the correct answer is (B) 4.**","Which integer will be printed as the output when the `firstMethod()` of object `myObject` is called in the `main()` method of the `test` class?
 
 1. 2
 2. 4
 3. 6
 4. An error will be thrown due to ambiguity in method call.
 
 Explanation: The method `firstMethod()` is overridden in class `C` and an object of class `B` is created, which is inherited from class `A`. However, in the `main()` method, the object `myObject` is declared of type `B` and not `C`. Therefore, the `firstMethod()` of class `B` will be called, which returns the value of the input parameter incremented by 2. Therefore, the correct answer is 4.","Which output will be printed when the `firstMethod` of the `B` object, created in the `test` class, is called with an input of 2?
 
 A) 4
 B) 0
 C) 6
 D) Each subclass can define its own method independently, so it is impossible to answer this question without knowing the implementation of `firstMethod` in the `B` class. Answers A, B, and C are all possible depending on the implementation of `B`. However, based on the given code, the output will be A) 4, since the `firstMethod` in `A` returns the input plus 2, and the `firstMethod` in `C` overrides it to return the input minus 2, but `myObject` is an instance of `B` and `B` does not override the `firstMethod` in this case."
"## Multiple Choice Question:
 
 **Consider the following Java implementation of a Stack:**
 
 ```java
 public class Stack<E> extends LinkedList<E>{
  private int size=0;
  public int size(){
  return size;
  }
  public void push(E e){
  add(e);
  size+=1;
  }
  public E pop() {
  size-=1;
  return removeLast();
  }
 }
 ```
 
 **What is the output of the following code?**
 
 ```java
 Stack<Integer> q=new Stack<Integer>();
 q.push(10);
 q.push(20);
 q.clear(); // clear() is inherited from LinkedList
 
 System.out.println(q.size());
 ```
 
 **Options:**
 
 a) 0
 b) 1
 c) 2
 d) 10
 e) 20 
 
 **Explanation:**
 
 The code creates a Stack of Integers and pushes 10 and 20 onto it. Then, it clears the stack using the `clear()` method inherited from LinkedList. Finally, it prints the size of the stack using the `size()` method. 
 
 Since the stack is cleared, its size becomes 0. Therefore, the correct answer is **a) 0**.","What is the output of the following code, given the Java implementation of a Stack that extends the LinkedList class and maintains its own size field?
 
 Stack<Integer> q = new Stack<Integer>();
 q.push(10);
 q.push(20);
 q.clear(); // clear() is a method inherited from LinkedList
 
 System.out.println(q.size());
 
 The answer choices for this multiple-choice question could be:
 A) 0
 B) 1
 C) 2
 D) The code will not compile
 
 The correct answer is A) 0, as the `clear()` method inherited from LinkedList removes all elements from the Stack, and therefore the `size()` method returns 0.","Which is the output of the following Java code regarding the size of the Stack after performing the specified operations?
 
 Given is a Stack implementation based on LinkedList, named `Stack<E>`. The methods `push` and `pop` are overridden while `clear` is inherited from `LinkedList`.
 
 Stack<Integer> q = new Stack<Integer>();
 q.push(10);
 q.push(20);
 q.clear();
 
 A) 0
 B) 1
 C) 2
 
 Correct answer: A"
"What is the output of the following code snippet, assuming N is a positive integer?
 
 ```java
 int count=0;
 for (int i=0; i<N; i++) {
  if (i % 2 == 0) {
  count++;
  }
 }
 System.out.println(count);
 ```
 
 **A.** N
 **B.** N/2 
 **C.** (N+1)/2
 **D.** 0
 **E.** An error will occur. 
 #",None,"What is the value that will be printed by the following code when N is a positive integer?
 
 A) 0
 B) 1
 C) The number of even integers less than N
 D) The number of odd integers less than N
 
 Answer: C) The number of even integers less than N."
"## Rephrasing the question for a multiple-choice exam:
 
 **Which of the following expressions should be inserted on line 5 to correctly count the occurrences of 'A' or 'a' in the given string?**
 
 **Options:**
 
 * A. `aString.charAt(i)`
 * B. `aString.substring(i, i+1)`
 * C. `Character.toString(aString.charAt(i))`
 * D. `aString.indexOf(""A"") >= 0`
 * E. `aString.toLowerCase().charAt(i)` 
 
 **Explanation:**
 
 The original question asks for the best expression to fill in the blank on line 5. We have rephrased this as a multiple-choice question with five potential options. Each option represents a different way to access and compare a character within the string. 
 
 **Correct answer:** 
 
 The correct answer is **E. `aString.toLowerCase().charAt(i)`**. This expression first converts the entire string to lowercase using `toLowerCase()`. Then, it extracts the character at index `i` using `charAt(i)`. This ensures that both uppercase and lowercase 'A' characters are counted correctly. 
 
 **Why other options are incorrect:**
 
 * A. `aString.charAt(i)`: This only retrieves the character at index `i` without converting to lowercase, potentially missing uppercase 'A's.
 * B. `aString.substring(i, i+1)`: This extracts a substring of length 1 starting at index `i`, which might not be efficient and doesn't directly compare the character.
 * C. `Character.toString(aString.charAt(i))`: This converts the character to a String, which is unnecessary for the comparison.
 * D. `aString.indexOf(""A"") >= 0`: This checks if the substring ""A"" exists anywhere in the string, not just at the current index `i`.","Here is a rephrased version of the question that is more unambiguous and suitable for a multiple choice question:
 
 This method, `countAs`, takes a string reference and counts the number of times the character 'A' or 'a' appears in the string object. Fill in the blank on line 5 with the correct expression to make the method behave correctly:
 
 /**
 * Takes a string reference and counts the number of times
 * the character 'A' or 'a' appears in the string object.
 * @param aString String reference to object containing chars.
 * @precondition aString is not null (you may assume this is true).
 * @return The number of times 'A' or 'a' appears in the string.
 */
 public static int countAs(String aString) // line 1
 {
 int counter = 0; // line 2
 int totalA = 0; // line 3
 while (counter < aString.length()) // line 4
 {
 if ( __________.equals(""A"") ) // line 5
 {
 totalA = totalA + 1; // line 6
 }
 counter++; // line 7
 }
 return totalA; // line 8
 }
 
 The blank on line 5 should be filled with the expression `aString.charAt(counter)` to make the method correctly iterate over the characters in the string and count the number of times 'A' or 'a' appears.
 
 Here are the multiple choice options that could be used to fill in the blank:
 
 A) `counter`
 B) `totalA`
 C) `aString.charAt(counter)`
 D) `""A""`
 
 The correct answer is C) `aString.charAt(counter)`.","How many times should the variable ""counter"" be set initially for the method ""countAs"" to correctly count the number of occurrences of char 'A' or 'a' in the given string 'aString'?
 
 A) length of the string
 B) 0
 C) 1
 D) the index of the first occurrence of 'A' or 'a' in the string."
"Given an algorithm with a time complexity of $O(log N)$, which of the following correctly represents the difference in the number of operations between two runs with input sizes $M$ and $M/2$, assuming both runs have worst-case performance? 
 A. $log(M) - log(M/2)$
 B. $2 * log(M/2)$
 C. $log(M) - 2 * log(M/2)$
 D. $log(M/2) - log(M)$
 E. $log(M)$",None,"Which option represents the number of fewer operations in the worst-case scenario when using an O(log N) algorithm with input collections of sizes M on the first run and M/2 on the second run?
 
 A) log(M/2) - log(M)
 B) log(M/2)
 C) log(M) - log(M/2)
 D) (log(M))^2 - (log(M/2))^2
 
 Explanation: We're asked to find the difference in operations between the worst-case scenarios of running the O(log N) algorithm with input collections of sizes M and M/2. To rephrase the question for an exam multiple-choice question, we provide given options based on the logarithmic function's properties and the algorithm's time complexity.
 
 Here are the possible options and their explanations:
 
 A) log(M/2) - log(M): This option calculates the difference between the logarithms of the two input sizes, which would represent the difference in operations in the worst-case scenario according to the algorithm's time complexity. This is the correct answer.
 
 B) log(M/2): This might be an incorrect distraction as it represents the logarithm of the input size in the second run. This is different from the difference in operations.
 
 C) log(M) - log(M/2): This would represent the difference in logarithmic complexity between the two runs, which is not what we're looking for.
 
 D) (log(M))^2 - (log(M/2))^2: This alternative option is incorrect, as it calculates the difference between the squares of logarithms and doesn't relate to the difference in operations within the runs."
"## Rephrasing the question for a multiple-choice exam:
 
 **Two algorithms, A and B, are designed to perform the same task on a collection of N items. Algorithm A requires (N/2)3 operations, while Algorithm B requires N2 operations. Which of the following statements is true regarding the performance of these algorithms?**
 
 **A.** Algorithm A is always faster than Algorithm B. 
 **B.** Algorithm B is always faster than Algorithm A.
 **C.** Algorithm A is faster than Algorithm B when N is small.
 **D.** Algorithm B is faster than Algorithm A when N is large.
 **E.** The performance of the algorithms depends on the specific task and cannot be determined without further information.","Which of the following conditions guarantees that Algorithm A, which performs (N/2)Â³ operations, will offer strictly better performance than Algorithm B, which performs NÂ² operations, when both are used to accomplish the same task on a collection of N items?
 
 A) N > 8
 
 B) N > 16
 
 C) N < 8
 
 D) N < 16
 
 Explanation:
 
 For algorithm A to offer strictly better performance, it must have a lower time complexity than algorithm B. The time complexity of algorithm A is (N/2)Â³, which simplifies to (NÂ³/8). The time complexity of algorithm B is NÂ².
 
 In order for (NÂ³/8) to be smaller than NÂ², it must be true that NÂ³/8 < NÂ².
 
 To solve this inequality, we can start by multiplying both sides by 8:
 
 NÂ³ < 8NÂ²
 
 Then, divide both sides by N:
 
 NÂ² < 8
 
 Finally, take the square root of both sides:
 
 N < â‰ˆ 2.83
 
 Since N is a positive integer, we can round this up to 3.
 
 Therefore, the condition that guarantees that algorithm A has a lower time complexity than algorithm B is N < 3.
 
 Therefore, the correct answer is C) N < 8.","Which algorithm, A or B, provides better performance when processing a collection of N items, given that Algorithm A performs (N/2)Â³ operations and Algorithm B performs NÂ² operations?
 
 A) When N is less than the cube root of 2
 B) When N is equal to the cube root of 2
 C) When N is between the cube root of 2 and the square root of 2
 D) When N is equal to or greater than the square root of 2."
None,None,"Which value is printed by the given Java code after the completion of its execution?
 
 A) 0
 B) 6
 C) 10
 D) 12
 
 Explanation: The outer variable is incremented every time the loop encounters an even number i. Therefore, the outer variable will hold the number of even numbers less than 12, which is 6. Hence, the answer is B) 6."
"## Rephrasing the question for a multiple-choice exam format:
 
 **Which abstract data type is most suitable for implementing a breadth-first search algorithm?**
 
 **a.** Stack
 **b.** Queue
 **c.** List
 **d.** Set
 
 ## Explanation:
 
 * **Stacks** are LIFO (Last In, First Out) data structures, suitable for algorithms that require backtracking, such as Depth-First Search. 
 * **Queues** are FIFO (First In, First Out) data structures, ideal for processing elements in the order they were added, which aligns perfectly with the level-by-level exploration of Breadth-First Search.
 * **Lists** can offer some level of ordering and access elements by index, but they don't inherently manage the order of processing, making them less efficient for Breadth-First Search compared to Queues.
 * **Sets** are designed for storing unique elements and don't inherently maintain any specific order, making them unsuitable for managing the exploration order in Breadth-First Search. 
 
 Therefore, option b, **Queue**, is the most suitable abstract data type for implementing a Breadth-First Search algorithm.",None,"Which data structure is most commonly used to implement a breadth-first search algorithm in graph traversal?
 
 A) Stack
 B) Queue
 C) Linked List
 D) Hash Table
 
 Answer: B) Queue"
None,"Which of the following is the stopping condition when locating the insertion point for a new node in a binary search tree?
 
 A. The current node's value is equal to the new node's value.
 
 B. The current node is null and the new node's value is less than the value of the previous node.
 
 C. The current node is null and the new node's value is greater than the value of the previous node.
 
 D. The current node's left child and right child both have values equal to the new node's value.
 
 E. The new node's value is equal to the value of the root node.
 
 Explanation:
 
 The stopping condition when locating the insertion point for a new node in a binary search tree is when the current node is null or the new node's value is equal to the current node's value. If the current node is null, then the new node can be inserted as a child of the previous node. If the new node's value is equal to the current node's value, then the new node cannot be inserted in the current position because the binary search tree must have unique values. The value of the root node is not relevant when locating the insertion point for a new node. Therefore, option E is incorrect. Option D is also incorrect because it would imply that the new node has the same value as both the left and right child of the current node, which is not possible in a binary search tree.
 
 The correct answer is:
 
 B. The current node is null and the new node's value is less than the value of the previous node.
 
 C. The current node is null and the new node's value is greater than the value of the previous node.
 
 The reason is that if the current node is null, then the new node can be inserted as a child of the previous node. If the new node's value is less than the value of the previous node, then the new node should be inserted as a left child of the previous node. If the new node's value is greater than the value of the previous node, then the new node should be inserted as a right child of the previous node.","Which event occurs during the insertion of a new node into a binary search tree, signifying the completion of the search for the insertion point?
 
 A) The new node is compared to the root and travels down to its appropriate subtree
 B) The new node is equal to the root, replacing it
 C) The new node's key value is found in the tree
 D) The new node's key value is less than the current node, moving to the left subtree
 E) The new node's key value is greater than the current node, moving to the right subtree
 F) The tree is balanced after the new node's insertion."
"I am sorry, but I cannot answer your question about the likely outcome of a recursion without a base case in a modern Unix-based system. Providing information about specific systems and software is beyond my knowledge and capabilities. 
 
 However, I can explain the importance of base cases in recursive functions more generally. Recursion is a powerful programming technique that allows a function to call itself. This can be very useful for solving problems that can be broken down into smaller, similar subproblems. However, recursion can also lead to an infinite loop if the function never reaches a base case. A base case is a condition that terminates the recursion. Without a base case, the function will continue to call itself indefinitely, eventually leading to a stack overflow error.
 
 Stack overflow errors occur when the function call stack, which is a data structure that stores the state of each function call, becomes full. This can happen if a function calls itself too many times without reaching a base case.
 
 In your provided scenario, a recursive function without a base case would likely lead to a stack overflow error. This is because the function would continue to call itself indefinitely, consuming more and more space on the function call stack. Eventually, the stack would become full, and the program would crash.
 
 To avoid this problem, it is important to carefully design recursive functions and to ensure that they have a base case. A base case is a condition that tells the function when to stop calling itself. Without a base case, a recursive function can easily become an infinite loop.","What is the most likely outcome on a modern Unix-based system if a recursive function in C is defined without a base case?
 
 A) The program will terminate with a ""segmentation fault"" error.
 B) The program will enter an infinite loop and consume all available system resources.
 C) The compiler will produce an error and refuse to generate the executable.
 D) The behavior of the program cannot be determined without additional context.","Which outcome is most likely to occur when a recursive function in C, without a base case, is executed on a modern Unix-based system?
 
 A) The function will terminate successfully
 B) The function will enter an infinite loop
 C) The system will crash
 D) The function will return an error code
 
 Answer: B. The function will enter an infinite loop. (assuming no limit on the call stack size)"
"## Rephrasing the question for a multiple-choice exam format:
 
 **William has a hash function `h(k) = (sum of the digits of k) % 10`. He wants to hash the values 33, 60, 24, 42, and 6. To ensure that adding 80 to these values takes O(1) time, which collision resolution method should he choose?**
 
 **A.** Chaining
 **B.** Linear Probing
 **C.** Double Hashing
 **D.** Robin Hood Hashing
 
 **Additional Considerations:**
 
 * The answer choices should be clear and distinct, representing different collision resolution methods.
 * The context should be concise and provide all the necessary information. 
 * The question should be directly related to the specific requirement of ensuring O(1) time for adding 80.","William has implemented a hash function h(k) = (sum of the digits) % 10. He wants to store the values 33, 60, 24, 42, and 6 in his hash table. Given that he wants to ensure that adding 80 to the table can be done in constant time (O(1)), which collision resolution method should he choose to implement in his hash table?
 
 A) Chaining
 B) Linear Probing
 C) Quadratic Probing
 D) Double Hashing
 
 Note: To clarify the question, you may want to specify the load factor (i.e., the ratio of the number of keys to the size of the table) at which the collision resolution method needs to start working to avoid ambiguity.","Which collision resolution method should William use in his hash table implementation with a size of 10, to ensure that inserting the key 80 can be done in O(1) time, given that the hash function h(k) = (sum of the digits) % 10 is used to hash the keys 33, 60, 24, 42, and 6?
 
 A) Separate Chaining
 B) Linear Probing
 C) Quadratic Probing
 D) Double Hashing
 
 Note: It is important to understand that no matter which collision resolution method William chooses, it will not ensure that the insertion of 80 can always be done in O(1) time due to potential collisions. However, some methods like open addressing methods (B, C, D) could provide better average-case time complexity for handling collisions, but that's a different concept than O(1) constant time complexity for specific insertions."
"To make the question unambiguous and suitable for a multiple-choice question on an exam, we can rephrase it as follows:
 
 **Question:**
 
 What will the following line of code do with a form named `frmMain`?
 
 ```
 frmMain.Caption = txtName.Text
 ```
 
 **Multiple Choice Options:**
 
 * A. Set the caption of the `frmMain` form to the text entered in the `txtName` textbox.
 * B. Set the value of the `txtName` textbox to the caption of the `frmMain` form.
 * C. Set the name of the `frmMain` form to the text entered in the `txtName` textbox.
 * D. Set the text of the `frmMain` form to the value of the `txtName` textbox.
 
 **Correct Answer:** A
 
 **Explanation:**
 
 The line of code `frmMain.Caption = txtName.Text` sets the caption of the form named `frmMain` to the text entered in the `txtName` textbox. This means that the text displayed in the title bar of the form will be updated to match the value of the `txtName` textbox.
 
 **Additional Notes:**
 
 * The `Caption` property of a form represents the text displayed in its title bar.
 * The `Text` property of a textbox represents the text entered by the user in the textbox.
 * The code assumes that the `frmMain` form and the `txtName` textbox have been defined and initialized elsewhere in the program.","""What is the result of the following line of code in a VB.NET program, where 'frmMain' is the name of a form and 'txtName' is a text box control within that form?
 
 `frmMain.Caption = txtName.Text`""
 
 This would be a suitable multiple choice question if the options were:
 
 A) The text in the text box is displayed as the title of the form.
 B) The text in the text box is displayed as the name of the form.
 C) The text in the text box is displayed as the label of the form.
 D) The text in the text box is displayed as the caption of the form.
 
 The correct answer is D) The text in the text box is displayed as the caption of the form.","Which of the following actions assigns the text contained in the txtName control to the caption of the form named frmMain?
 
 A) frmMain.Text = txtName.Text
 B) txtName.Caption = frmMain.Text
 C) frmMain.Caption = txtName.Text
 D) txtName.Text = frmMain.Caption
 
 Answer: C) frmMain.Caption = txtName.Text"
"## Rephrasing the Question for a Multiple Choice Exam Question:
 
 **Question:** 
 
 A web browser needs to maintain a history of the pages visited by the user to enable the ""Back"" button functionality. Which abstract data type (ADT) would be the most suitable choice for implementing this history feature?
 
 **Answer Choices:**
 
 * A. Stack
 * B. Queue
 * C. List
 * D. Set
 * E. Dictionary 
 
 ## Explanation:
 
 The original question is a bit ambiguous because it doesn't specify the desired behavior of the ""Back"" button. This revised version clarifies the purpose and provides answer choices that are commonly used ADTs. 
 
 ## Matching ADT to Functionality:
 
 * **Stack:** This is the most suitable choice because it follows the Last-In-First-Out (LIFO) principle. Pushing a new page onto the stack represents visiting a new page, and popping from the stack simulates going back to the previous page. 
 * **Queue:** A queue follows the First-In-First-Out (FIFO) principle, which doesn't match the desired behavior of the ""Back"" button. 
 * **List:** While a list could store the history, it wouldn't provide the efficient LIFO access needed for the ""Back"" button. 
 * **Set:** A set wouldn't work because it only stores unique elements, and the browsing history can have duplicate entries. 
 * **Dictionary:** A dictionary is not suitable because it is designed for key-value pairs, and the history only needs to store the sequence of visited pages.",None,"Which abstract data type is most suitable for the implementation of the back function in a Web browser?
 
 A) Stack
 B) Queue
 C) Linked List
 D) Tree
 
 Answer: A) Stack"
"## Rephrasing the question for a multiple-choice exam:
 
 **Question:**
 
 The following Java method, called `rangeSum()`, is intended to take three parameters: a `List` of `T2int` objects, plus the low and high end of a range within the list. The method computes the sum of the values in the `List` that are within the ""range"" (but not including the range end values).
 
 ```java
 public int rangeSum(List<T2int> list, int low, int high) {
  int num = 0; // Line 1
  int sum = 0; // Line 2
 
  for (int idx = 0; idx < list.size(); idx++) // Line 3
  {
  int ival = list.get(idx).get(); // Line 4
  if (__________) // Line 5
  {
  num++; // Line 6
  sum = __________; // Line 7
  }
  }
  return __________; // Line 8
 }
 ```
 
 **Which of the following options correctly fills in the blanks on Lines 5, 7, and 8 so that the method will work as intended?**
 
 **(A)** 
 Line 5: `ival > low && ival < high` 
 Line 7: `sum += ival` 
 Line 8: `sum / num`
 
 **(B)** 
 Line 5: `ival >= low && ival <= high` 
 Line 7: `sum += ival` 
 Line 8: `sum`
 
 **(C)** 
 Line 5: `ival >= low && ival < high` 
 Line 7: `sum += ival` 
 Line 8: `sum`
 
 **(D)** 
 Line 5: `ival > low && ival <= high` 
 Line 7: `sum++` 
 Line 8: `sum`
 
 **Explanation:**
 
 - Line 5: The condition should check if the current value (`ival`) is within the range (but not including the end values). Option (C) is the only option that correctly implements this logic.
 - Line 7: If the value is within the range, we should add it to the `sum`. All options except (D) correctly implement this.
 - Line 8: We only need to return the sum, not the average. Options (B) and (C) are the only options that correctly return the sum.
 
 Therefore, the correct answer is **(C)**.","Which expression should be placed in the blank on Line 5, Line 7, and Line 8 so that the `rangeSum()` method takes a list of `T2int` objects and returns the sum of the integer values in the list that are within the specified range (inclusive of the low end and exclusive of the high end)?
 
 Line 5: `ival >= low && ival < high`
 
 Line 7: `sum += ival`
 
 Line 8: `return sum`
 
 Explanation:
 
 * Line 5: This condition checks if the current integer value `ival` in the list is within the specified range. It should be greater than or equal to the low end and strictly less than the high end.
 * Line 7: This line updates the `sum` variable by adding the current integer value `ival` to it.
 * Line 8: This line returns the final sum of the integer values within the specified range.","Which expression should be used to fill in the blanks on Line 5 and Line 7 in the rangeSum() method so that it only includes the elements in the list with values greater than or equal to the given low value and less than the high value in the sum calculation?
 
 A) (ival < low) && (ival >= high)
 B) (ival <= low) || (ival > high)
 C) (ival >= low) && (ival < high)
 D) (ival < low) || (ival > high)"
"After the following syntactically correct code is executed, which of the following statements is true?
 
 A. Karel will be standing at (3,4), facing North, carrying 1 beeper.
 B. Karel will be standing at (2,4), facing East, carrying 1 beeper.
 C. Karel will be standing at (3,4), facing East, carrying 0 beepers.
 D. Karel will be standing at (2,4), facing North, carrying 1 beeper.","In the following code, after the execution of the `task()` function, where is Karel located and in which direction is it facing? Also, how many beepers is Karel carrying?
 
 ```python
 def task():
  karel = Robot(2, 2, East, 0)
  while (karel.nextToABeeper()):
  karel.turnLeft()
  karel.move()
  for i in range(2):
  karel.turnLeft()
  karel.move()
  karel.turnLeft()
  if (karel.nextToABeeper()):
  karel.pickBeeper()
  karel.move()
  karel.move()
  karel.turnOff()
 ```
 
 - Karel is at (2, \_\_\_) and facing \_\_\_
 - Karel is carrying \_\_\_ beepers
 
 Select the correct answer for the missing blanks.
 
 1. Karel is at (2, 6) and facing East
 - Karel is carrying 0 beepers
 2. Karel is at (2, 6) and facing West
 - Karel is carrying 1 beepers
 3. Karel is at (2, 6) and facing South
 - Karel is carrying 2 beepers
 4. Karel is at (2, 6) and facing North
 - Karel is carrying 3 beepers
 
 Note: Karel is carrying 0 beepers when it starts at (2, 2) and picks up 1 beeper at (2, 5).","After the execution of the code, where is Karel located and in which direction is the robot facing? How many beepers does Karel have in its inventory?
 
 Given the starting position of Karel as (2,2) and initial facing direction as East, which location does Karel reach and what is its facing direction after completing the code? Additionally, based on the provided code, how many beepers does Karel pick up during the execution?
 
 Note: Remember that the beepers are located at (2,2), (2,3), (2,4), (2,5), and (2,6)."
"## Rephrasing the question as a multiple-choice question for an exam:
 
 **Question:** 
 
 The following method, called `maxRow()`, is intended to take a parameter: a List where the elements are Lists of Integer objects. This can be viewed as a matrix, with each inner list representing a row and each integer representing a cell. The method calculates the sum of integers in each row and returns the index (row number) of the row with the largest sum.
 
 **Which of the following options should fill the blank on Line 5 so that the method works as intended?**
 
 **(A)** `matrix.size()`
 **(B)** `matrix.get(row).size()`
 **(C)** `row`
 **(D)** `col`
 
 **Explanation:**
 
 * **Line 1:** Initializes `maxVec` to -1, which will serve as the default return value if no row with a positive sum is found.
 * **Line 2:** Initializes `maxSum` to the minimum possible integer value, ensuring that the first encountered positive row sum will be considered the maximum.
 * **Line 3:** Starts a loop iterating over each row of the matrix using the variable `row` as the index.
 * **Line 4:** Initializes `sum` to 0 for each row to accumulate the sum of elements within that row.
 * **Line 5:** The blank needs to be filled with an expression that determines the number of columns in each row. The correct option is `matrix.get(row).size()`, which accesses the specific row using the current `row` index and then retrieves its size (number of columns).
 * **Line 6:** Adds the current element from the row (`matrix.get(row).get(col)`) to the `sum`.
 * **Line 7:** Checks if the current row sum (`sum`) is greater than the current `maxSum`.
 * **Line 8:** If the condition on Line 7 is true, updates `maxSum` with the current `sum`.
 * **Line 9:** Updates `maxVec` with the current `row` index, indicating the row with the maximum sum.
 * **Line 10:** Returns `maxVec`, which contains the index of the row with the largest sum. 
 
 Therefore, the correct answer is **(B) `matrix.get(row).size()`**.","Which expression should be placed in the blank in the following code snippet to correctly calculate the sum of the integers in each row (each inner list) of the given matrix, and update the maximum sum and the corresponding index (row number) if the current row sum is larger than the maximum sum found so far?
 
 public static int maxRow(List<List<Integer>> matrix) {
 int maxVec = -1; // Line 1
 int maxSum = Integer.MIN\_VALUE; // Line 2
 
 for (int row = 0; row < matrix.size(); row++) { // Line 3
 int sum = 0; // Line 4
 for (int col = 0; col < matrix.get(row).size(); col++) { // Line 5
 sum = sum + matrix.get(row).get(col); // Line 6
 }
 if (sum > maxSum) { // Line 7
 maxSum = sum; // Line 8
 maxVec = row; // Line 9
 }
 }
 return maxVec; // Line 10
 }
 
 A) Line 5: matrix.get(row).size()
 B) Line 6: sum + matrix.get(row).get(col)
 C) Line 7: sum > maxSum
 D) Line 9: maxVec = row
 
 Correct answer: A, B, C, D
 
 Explanation:
 
 A) The expression matrix.get(row).size() in Line 5 calculates the size of the current row (the inner list). It is used to determine the number of elements (cells) in the row.
 B) The expression sum + matrix.get(row).get(col) in Line 6 calculates the sum of the integers in the current row. It is used to calculate the sum of the integers in each row (each inner list).
 C) The expression sum > maxSum in Line 7 compares the sum of the integers in the current row with the maximum sum found so far. If the current row sum is larger, it updates the maximum sum and the corresponding index.
 D) The expression maxVec = row in Line 9 updates the maximum index (row number) with the current row number when the current row sum is larger than the maximum sum found so far.","Which constant should be used to replace the blank in Line 5 so that the inner for loop iterates through the number of integers in each row of the matrix?
 
 A) matrix.size()
 B) matrix.get(row).size()
 C) matrix.size() / matrix.get(0).size()
 D) matrix.size() * matrix.get(0).size()"
"## Multiple Choice Question:
 
 You have a small dataset that you need to be able to search quickly and efficiently. You know the exact size of the data beforehand. Which of the following data structures would be the most suitable for your needs?
 
 **(A)** Array
 **(B)** Hash Table
 **(C)** Linked List
 **(D)** Tree 
 **(E)** Graph 
 
 ## Answer: 
 
 **(B) Hash Table** 
  
 ## Explanation:
 
 A Hash Table is the most suitable data structure for this scenario because:
 
 * **Fast Search:** Hash tables allow for constant-time search (O(1)), which is crucial for quickly finding specific data points.
 * **Small Dataset:** You know the exact size of your data beforehand, making a hash table's fixed-size allocation efficient. 
 * **Simple and Efficient:** Hash tables are relatively simple data structures with efficient insertion, deletion, and search operations. 
 
 While other options like Arrays offer quick search, they require knowing the data's order beforehand and are less efficient for small datasets. Linked Lists, Trees, and Graphs are generally less efficient for searching compared to Hash Tables.","Which of the following data structures would be the most suitable for storing a small amount of data, requiring quick search capabilities, and for which the amount of data to be stored is already known?
 
 A) Linked List
 B) Array
 C) Hash Table
 D) Binary Tree
 E) None of the above
 
 Note: The question aims to test the understanding of the student about choosing the appropriate data structure based on the specific requirements. The answer would be B) Array, as it provides fast search capabilities for small, fixed-sized collections.","Which data structure is most suitable for storing a small amount of data with a requirement for quick search, assuming the data size is already determined?
 
 A) Array
 B) Hash Table
 C) Linked List
 D) Binary Tree
 Answer: B) Hash Table"
"## Rephrasing the question for a multiple-choice exam:
 
 **Question:** When testing software, which of the following is the most effective approach? 
 
 **Answer Choices:**
 
 * A. Testing early and often throughout the development process.
 * B. Waiting until the end of development to perform comprehensive testing.
 * C. Relying solely on automated testing tools.
 * D. Manually testing all functionalities only once.",None,"Which of the following is a sound recommendation for testing software?
 
 A) Testing only the UI elements
 B) Ignoring edge cases during testing
 C) Testing the software once before release
 D) Performing thorough functional testing, including edge cases and boundary conditions.
 
 Correct answer: D."
"What will be the output of the following code:
 ```java
 public static void main(String [] args){
 Â Â Â Â Â Â Â int number = 6;
 Â Â Â Â Â Â Â int secondNumber = changeNumber (number);
 Â Â Â Â Â Â Â System.out.print(number + "" "" + secondNumber);
 Â Â Â Â }
 public static int changeNumber(int number){
 Â Â Â Â Â Â Â number = 12;
 Â Â Â Â Â Â Â return number;
 Â Â Â Â }
 ``` 
 A. 6 6 
 B. 6 12
 C. 12 12
 D. None of these","Which of the following best describes the output produced by the given code?
 
 Code:
 ```
 public static void main(String [] args){
  int number = 6;
  int secondNumber = changeNumber (number);
  System.out.print(number + "" "" + secondNumber);
 }
 public static int changeNumber(int number){
  number = 12;
  return number;
 }
 ```
 A) 6 6
 B) 6 12
 C) 12 12
 D) 12 6
 E) The code will not compile
 F) The code will throw a runtime exception
 
 Explanation:
 
 * The `changeNumber` method takes an integer parameter and sets it to the value of 12. It then returns this value.
 * In the `main` method, the variable `number` is initialized to the value of 6 and is passed to the `changeNumber` method. The method call returns the value of 12, which is then assigned to the `secondNumber` variable.
 * The `number` variable is not modified within the `main` method, so its value remains unchanged.
 * The `System.out.print` statement in `main` will output the values of `number` and `secondNumber` separated by a space, which is `6 12`.
 
 So the answer is B) 6 12.
 
 It is important to note that this is a pass-by-value language, meaning that when the value of the variable number is passed to the method changeNumber, it is not a reference to the actual variable, but it is a copy of its value, so the actual variable number defined in the main method is not affected.","Which of the following numbers will be printed by the given code when it is executed?
 
 A) 6 6
 B) 6 12
 C) 12 6
 D) 12 12
 
 Explanation: The `changeNumber` method modifies the input argument locally inside the method, but the change is not reflected in the original variable in the `main` method because Java passes arguments by value. Therefore, `number` in `main` remains unchanged at 6, and `secondNumber` takes the value of the changed local variable inside `changeNumber`. So, the output will be ""6 12""."
"## Rephrasing the question for a multiple-choice exam:
 
 **You need to sort an array of elements, but you have no additional memory available. Which of the following sorting algorithms should you avoid using?**
 
 **A.** Merge Sort
 **B.** Quick Sort
 **C.** Insertion Sort
 **D.** Bubble Sort 
 
 This rephrased question is unambiguous and suitable for a multiple-choice question on an exam. It clearly states the problem and the constraint, and provides four distinct options for the student to choose from.","""Which sorting algorithm should NOT be used when sorting an array in-place (i.e., with no additional memory available)?""
 
 This question is clearer and can be used as a multiple-choice question with options such as:
 
 A. Bubble Sort
 B. Quick Sort
 C. Merge Sort
 D. Heap Sort
 
 The correct answer would be C. Merge Sort, as it requires a scratch array to perform the sorting, which would not be available in an in-place sorting scenario.","Which sorting algorithm should you not use if you cannot allocate additional memory while sorting an array?
 
 A) Quick Sort
 B) Merge Sort
 C) Heap Sort
 D) Bubble Sort
 
 Answer: C. Heap Sort requires additional memory to store the heap data structure."
"## Rephrasing the question for a multiple-choice exam:
 
 **Which of the following values will be printed by the following Java code?**
 
 ```java
 int result = 1;
 for (int i = 1; i <= N; i++) {
  result *= 2;
 }
 System.out.println(result);
 ```
 
 **Options:**
 
 * A) 1
 * B) N
 * C) 2^N
 * D) N!
 * E) None of the above.
 
 ## Explanation:
 
 The code initializes a variable `result` to 1. Then, it enters a loop that iterates from 1 to N (inclusive). In each iteration, `result` is multiplied by 2. Finally, the value of `result` is printed.
 
 Therefore, the code calculates the power of 2 raised to the power of N (2^N).
 
 ## Correct answer:
 
 **C) 2^N**","Which value is printed to the console when the following Java code is executed, where N is a positive integer?
 
 int result = 1;
 for (int i = 1; i <= N; i++) {
 result *= 2;
 }
 System.out.println(result);
 
 A) 2
 B) 2^N
 C) N
 D) 2N
 E) None of the above
 
 Note: The answer is B) 2^N. The code performs a left shift operation on the variable 'result' by one bit for each iteration of the loop. Since the initial value of 'result' is 1, the final value of 'result' will be 2^N.","Which output is generated when the given Java code is executed, where `N` is an integer constant?
 
 A) 0
 B) 1
 C) N
 D) 2^N
 E) Compilation error"
"## Rephrased Question for a Multiple Choice Exam:
 
 **How many objects are created by the following declaration in Java?**
 
 ```java
 String name;
 ```
 
 **(A) 0 **(B) 1 **(C) 2 **(D) It depends on the context.",None,"Which number of objects is created by the following declaration in Java?
 
 A) 0 objects
 B) 1 object (String constant)
 C) 1 object (String variable named ""name"")
 
 Answer: C) 1 object (String variable named ""name"")"
"**Multiple Choice Question:**
 
 Consider a Java array of integers. What is the time complexity for retrieving a value at a specific index within the array in the worst-case scenario?
 
 (A) O(1) 
 (B) O(log n) 
 (C) O(n) 
 (D) O(n^2)
 
 **Answer:** 
 
 (A) O(1) 
 
 **Explanation:**
 
 Retrieving an element from a Java array by its index has a constant time complexity of O(1), regardless of the array's size. This is because accessing an element directly using its index involves a simple calculation that involves multiplying the index by the element's size and adding the result to the array's base address. This operation takes a constant amount of time, making retrieval independent of the array's size. 
  
  In the context of Big O notation, O(1) signifies that the time required for the operation remains constant as the input size (the array's size in this case) grows. This is in contrast to operations with time complexities like O(log n), O(n), or O(n^2), where the execution time increases as the input size grows.",None,"Which of the following best describes the time complexity for accessing a specific element in a Java array, given its index, in the worst-case scenario?
 
 A) O(1)
 B) O(Log n)
 C) O(n)
 D) O(n^2)"
"## Multiple Choice Question:
 
 **An instance `q` of a queue that can store Strings is initially empty. The following statements are executed in order:**
 
 1. `q.enqueue(""Sweden"")`
 2. `q.enqueue(""is"")`
 3. `q.enqueue(""my"")`
 4. `String w = q.dequeue()`
 5. `String x = q.peek()`
 6. `q.enqueue(""neighbor"")`
 7. `String y = q.dequeue()`
 8. `String z = q.dequeue()`
 
 **What is the value of `z` after executing these statements?**
 
 (a) Sweden
 (b) is
 (c) my
 (d) neighbor
 (e) null
 
 ## Explanation:
 
 This question tests your understanding of queue operations and their impact on the order of elements. Let's analyze the code step by step:
 
 1. `q.enqueue(""Sweden"")`: Enqueues ""Sweden"" onto the queue.
 2. `q.enqueue(""is"")`: Enqueues ""is"" onto the queue.
 3. `q.enqueue(""my"")`: Enqueues ""my"" onto the queue.
 4. `String w = q.dequeue()`: Dequeues the first element (""Sweden"") from the queue and assigns it to variable `w`.
 5. `String x = q.peek()`: Retrieves the first element (""is"") from the queue without removing it and assigns it to variable `x`.
 6. `q.enqueue(""neighbor"")`: Enqueues ""neighbor"" onto the queue.
 7. `String y = q.dequeue()`: Dequeues the first element (""is"") from the queue and assigns it to variable `y`.
 8. `String z = q.dequeue()`: Dequeues the first element (""my"") from the queue and assigns it to variable `z`.
 
 Therefore, the value of `z` after executing all the statements is **""my""**.","Which is the value of variable z after the following steps are executed in order:
 
 1. An empty queue q is created.
 2. The string ""Sweden"" is added to the end of queue q.
 3. The string ""is"" is added to the end of queue q.
 4. The string at the front of queue q is assigned to variable w and subsequently removed from the queue.
 5. The string at the front of queue q is assigned to variable x without removing it.
 6. The string ""neighbor"" is added to the end of queue q.
 7. The string at the front of queue q is assigned to variable y and subsequently removed from the queue.
 8. The string at the front of queue q is assigned to variable z and subsequently removed from the queue.
 
 What is the value of variable z after these operations?","Which is the value of the String variable z after performing the following operations on an empty queue q of Strings, in the given sequence?
 
 1. q.enqueue(""Sweden"")
 2. q.enqueue(""is"")
 3. q.enqueue(""my"")
 4. String w = q.dequeue();
 5. String x = q.peek();
 6. q.enqueue(""neighbor"")
 7. String y = q.dequeue();
 8. String z = q.dequeue();
 
 A) ""Sweden""
 B) ""is""
 C) ""my""
 D) ""neighbor"""
None,None,"Which data structure can be used to implement depth-first search algorithm in a non-recursive manner on a platform that does not support recursion?
 
 A) Stack
 B) Queue
 C) Linked List
 D) Hash Table
 
 Answer: A) Stack. A depth-first search can be implemented using a stack data structure to keep track of nodes to be visited in a depth-first manner without using recursion."
"## Rephrased Question for Multiple Choice Exam:
 
 **Given the following generic class:**
 
 ```java
 class Rosters<T> {
  // ... 
 }
 ```
 
 **And the subsequent code:**
 
 ```java
 Rosters<ArrayList<String>> rosters;
 ```
 
 **What is the erasure type of the `Rosters` object?**
 
 **(A)** `Rosters<Object>`
 **(B)** `Rosters<ArrayList>`
 **(C)** `Rosters`
 **(D)** `Object`
 
 ## Explanation:
 
 This rephrased question is more suitable for a multiple-choice exam format because:
 
 * It clearly states the context with the provided code snippet.
 * It directly asks about the erasure type, which is the key concept being tested.
 * It presents distinct answer choices that cover potential misconceptions.
 
 This format allows students to demonstrate their understanding of erasure in generics without the ambiguity of an open-ended question.","Which is the erasure type of the following class instantiation: `Rosters<ArrayList<String>> rosters;`?
 
 a) ArrayList<String>
 b) ArrayList
 c) String
 d) Rosters
 
 Explanation:
 
 In the given generic class instantiation, the type parameter `T` is replaced with the raw type `ArrayList<String>` during runtime due to type erasure. Therefore, the erasure type of the `Rosters` class is `Rosters`.
 
 Therefore, option (d) is the correct answer.","Which type is equivalent to the erasure of the generic class Rosters<T>, when instantiated as Rosters<ArrayList<String>>?
 
 A) Rosters<ArrayList>
 B) Rosters<List>
 C) Rosters<String>
 D) Rosters
 
 Answer: A) Rosters<ArrayList>
 
 Explanation: In the given scenario, the erasure type of Rosters<ArrayList<String>> is Rosters<ArrayList>. This is because the erasure of a generic class removes all type parameters while retaining any bounded types. In this case, ArrayList<String> is an unbounded type argument, so it gets erased to ArrayList. Therefore, the generic class with the erased type argument becomes Rosters<ArrayList>."
"## Options for the blank on line 6:
 
 **A. `aString.charAt(counter)`**
 **B. `aString.toLowerCase().charAt(counter)`**
 **C. `aString.toUpperCase().charAt(counter)`**
 **D. `Character.toUpperCase(aString.charAt(counter))`**
 
 ## Choosing the best option:
 
 **A. `aString.charAt(counter)`:** This option directly accesses the character at index `counter` in the string. However, it does not consider case sensitivity, which is required according to the method's description. 
 
 **B. `aString.toLowerCase().charAt(counter)`:** This option first converts the entire string to lowercase and then retrieves the character at index `counter`. This ensures case-insensitive comparison but might be less efficient than other options that only deal with single characters.
 
 **C. `aString.toUpperCase().charAt(counter)`:** This option converts the entire string to uppercase and then retrieves the character at index `counter`. This also ensures case-insensitive comparison but might not be necessary if only lowercase 'a' needs to be counted.
 
 **D. `Character.toUpperCase(aString.charAt(counter))`:** This option retrieves the character at index `counter` and then converts it to uppercase before comparison. This option balances efficiency by only converting a single character and ensures case-insensitive comparison.
 
 ## **Conclusion:** 
 
 The best option for the blank on line 6 is **D. `Character.toUpperCase(aString.charAt(counter))`**. It efficiently retrieves the character at the specified index and ensures case-insensitive comparison with 'A'. 
 
 Here's the completed method with the chosen option:
 
 ```java
 /**
 * Takes a string reference and counts the number of times
 * the character 'A' or 'a' appears in the string object.
 * @param aString String reference to object containing chars.
 * @precondition aString is not null (you may assume this is true).
 * @return The number of times 'A' or 'a' appears in the string.
 */
 public static int countAs(String aString) 
 {
  int counter = 0; 
  int totalA = 0; 
  while (counter < aString.length()) 
  {
  if (Character.toUpperCase(aString.charAt(counter)).equals(""A"") )
  {
  totalA = totalA + 1; 
  }
  counter++; 
  }
  return totalA; 
 }
 ```","Which expression should be placed in the blank on line 6 so that the `countAs` method will correctly increment the `totalA` variable each time the character 'A' or 'a' is encountered in the input string?
 
 A) `totalA++`
 B) `totalA = totalA + 1`
 C) `totalA = aString.charAt(counter)`
 D) `counter++`
 
 The correct answer is B) `totalA = totalA + 1`. This expression increments the `totalA` variable by 1, which is the desired behavior when the character 'A' or 'a' is encountered in the input string.
 
 Option A) `totalA++` is close, but it is a shorthand version of option B and might be less clear to a reader. Option C is incorrect because it assigns the ASCII value of the character at the current position of the `counter` to the `totalA` variable, rather than incrementing the variable by 1. Option D is incorrect because it increments the `counter` variable, rather than the `totalA` variable.","Which expression should be used to fill in the blank on line 6 in the given method skeleton so that it correctly increments the variable 'counter' during each iteration of the while loop?
 
 A) aString.length()
 B) (char) aString.charAt(counter)
 C) Integer.MAX_VALUE
 D) totalA
 
 The correct answer is B) (char) aString.charAt(counter) as this expression gets the character at the index represented by the variable 'counter' in the string 'aString', allowing for the comparison with 'A' or 'a' on the next line."
"## Rephrasing the Question for a Multiple Choice Exam:
 
 **What is the missing code on line 8 of the `fibonacci` method that correctly computes the Fibonacci sequence?**
 
 ## Multiple Choice Options:
 
 A. `int i = 1; i <= term; i++`
 B. `int i = 2; i < term; i++`
 C. `int i = 2; i <= term; i++`
 D. `int i = 1; i < term; i++`
 
 ## Explanation:
 
 The loop on line 8 should iterate from the third term (index 2) to the desired `term`. 
 - Options A and B start the loop from the first term, which is incorrect.
 - Option C correctly covers the range of terms from 2 to `term`, inclusive.
 - Option D excludes the last term (`term`) from the loop, which is incorrect.
 
 Therefore, the correct answer is **C. `int i = 2; i <= term; i++`**.","Which expression should be used to complete the loop that calculates the nth term of the Fibonacci sequence in the given method?
 
 A) `for (int i = 3; i < term; i++)`
 
 B) `for (int i = 0; i < term - 2; i++)`
 
 C) `for (int i = 2; i < term; i++)`
 
 D) `for (int i = 1; i < term; i++)`
 
 Explanation:
 
 The given incomplete method calculates the nth term of the Fibonacci sequence. The first two terms are 0 and 1, and subsequent terms are calculated by adding the preceding two terms. The loop should iterate from the third term (index 2) up to the nth term (exclusive), so the correct answer is B) `for (int i = 0; i < term - 2; i++)`.","To make the question unambiguous and suitable for a multiple choice question on an exam, we can rephrase it as follows:
 
 Which expression should replace the blank in the given for loop to correctly compute any term of the Fibonacci sequence?
 
 A) fibn = fib1 + fib2;
 B) fibn = fib2 + fib1;
 C) fibn = fib1 + fibn;
 D) fibn = fib2 + fibn;"
"## Rephrasing the question for a multiple-choice exam:
 
 **Question:** After the assignments `x = 27` and `y = 12`, what is the result of the expression `not x <= y < x + y`?
 
 **Answer Choices:**
 
 A) True
 B) False
 C) 0
 D) 27
 E) 39 
 
 **Explanation:**
 
 This format clarifies the context and provides answer choices for the students, making it suitable for a multiple-choice question on an exam.",None,"Which of the following is the result of the expression (27 > y && y < (x + y)) in C or a similar programming language, given that x = 27 and y = 12?
 
 A) True
 B) False
 
 Explanation: The given expression contains two comparisons linked with logical AND (&&), meaning both comparisons must be true for the result to be true. Here, the first comparison x > y checks if 27 is greater than 12, which is true, but the second comparison y < (x + y) checks if 12 is less than 40 (x + y), which is false. Since one of the conditions is false, the overall expression (x > y && y < (x + y)) returns false. Answer: B) False."
"## Rephrasing the question for a multiple-choice exam:
 
 **Question:** 
 
 The following method `isSorted` should return `true` if the array `x` is sorted in **ascending order**. Otherwise, the method should return `false`.
 
 **Choose the code snippet that correctly completes the `isSorted` method:**
 
 ```java
 public boolean isSorted (int[] x){
  //missing code goes here
 }
 ```
 
 **Answer Choices:**
 
 **(A)** 
 
 ```java
 for (int i = 0; i < x.length - 1; i++) {
  if (x[i] > x[i + 1]) {
  return false;
  }
 }
 return true;
 ```
 
 **(B)**
 
 ```java
 for (int i = 1; i < x.length; i++) {
  if (x[i] < x[i - 1]) {
  return false;
  }
 }
 return true;
 ```
 
 **(C)** 
 
 ```java
 int i = 0;
 while (i < x.length - 1 && x[i] <= x[i + 1]) {
  i++;
 }
 return i == x.length - 1;
 ```
 
 **(D)** 
 
 ```java
 Arrays.sort(x);
 return true;
 ```
 
 **(E)** 
 
 ```java
 int min = x[0];
 for (int i = 1; i < x.length; i++) {
  if (x[i] < min) {
  return false;
  }
  min = x[i];
 }
 return true;
 ```
 
 **Explanation:**
 
 The correct answer choice is **(A)**. 
  
  This code iterates through the array and compares adjacent elements. If any element is found to be greater than its subsequent element, it indicates the array is not sorted and the function returns `false`. If the loop completes without finding such a case, it implies the array is sorted and the function returns `true`. 
 
 The other choices are incorrect because:
 
 * **(B)** iterates in the wrong direction, starting from the second element and checking against the previous element. 
 * **(C)** uses a `while` loop but essentially performs the same check as **(A)**.
 * **(D)** uses `Arrays.sort` to sort the array, which is unnecessary and inefficient for simply checking if it's already sorted. 
 * **(E)** checks if each element is smaller than the minimum element encountered so far, which is not the correct condition for ascending order.","Consider revising the question as follows:
 
 Which of the following should be used as the body of the method `isSorted` to ensure that it returns `true` if the input array `x` is sorted in ascending order, and `false` otherwise?
 
 `public boolean isSorted(int[] x) {`
 `// missing code goes here`
 `}`
 
 This version of the question is more clear and specific, and it encourages the student to focus on the key task of completing the method body. It also makes it clear that the method should only have one return statement.","Which code segment should be added to the isSorted method to ensure that it returns true if the integer array x is sorted in ascending order, and false otherwise?
 
 A) int temp;
 B) for (int i = 0; i < x.length - 1; i++) {
  if (x[i] > x[i+1]) {
  return false;
  }
 }
 C) return x[0] <= x[1] && x[x.length-1] >= x[x.length-2];
 D) int temp = x[0];
 for (int i = 1; i < x.length; i++){
  if (x[i] < temp){
  temp = x[i];
  }
 }
 return temp == x[x.length-1];
 
 Answer: B) for (int i = 0; i < x.length - 1; i++) {
  if (x[i] > x[i+1]) {
  return false;
  }
 }
 
 Explanation: The code is missing the implementation of the sorting logic to check if all elements in the array are in ascending order. Option B provides the correct solution by checking adjacent elements in the array and returning false if any pair is found in descending order. Option A declares a variable `temp` for a temporary hold of an element but doesn't perform any sorting check. Option C only checks the first and last elements in the array, which is insufficient to verify the entire array's sorting. Option D performs a selection sort but it is not the missing code from the method isSorted."
"Given two simple Java classes Base and Derived, which extends Base:
 ```java
 public class Base {
  protected int x;
 }
 
 public class Derived extends Base {
  protected int y;
 }
 ```
 Which of the following statements is/are legal in Java? 
 
 I hope this rephrased question is unambiguous and suitable for a multiple-choice question on an exam. It clarifies the context and focuses on the legality of specific statements within the given Java classes.","Consider the following two Java classes:
 
 Class Base {
 protected int x;
 }
 
 Class Derived extends Base {
 protected int y;
 }
 
 Which of the following options correctly declares an object of the Derived class and initiates its member variables?
 
 A) Base b = new Base();
 B) Derived d = new Derived();
 C) Base b = new Derived();
 D) Derived d = new Base();
 
 Note: Only one answer is correct.","Which of the following declarations are legal inside the `Derived` class, given that `Base` and `Derived` are the classes defined in the provided Java code?
 
 A) A protected int variable named `x`
 B) A protected int variable named `y`
 C) A private int variable named `x`
 D) A public int variable named `y`
 E) A static int variable named `x`
 F) A static int variable named `y`
 
 Answer: A, B. Explanation: Since `x` is protected in the `Base` class, it can be directly accessed in the derived class `Derived`. Similarly, `y` is protected in the `Derived` class, so it can only be accessed within the package or by other classes that extend `Derived`. Answers C, D, and F are not legal, as `x` is already protected in the base class, there is no `private` access modifier in the given code, and `y` is protected, not static."
"## Rephrasing the question for a multiple-choice exam:
 
 **Original question:** How would you rephrase the question to be unambiguous and suitable for a Multiple choice question on an exam? C++ uses 
 
 **Rephrased question:** 
 
 Which of the following best describes how to rephrase the question ""How would you rephrase the question to be unambiguous and suitable for a Multiple choice question on an exam? C++ uses"" to be suitable for a multiple-choice question on an exam?
 
 **Answer choices:**
 
 * A. Rephrase the question as a statement, such as ""C++ uses...""
 * B. Rephrase the question as a yes/no question, such as ""Is C++ used to...""
 * C. Rephrase the question with a fill-in-the-blank format, such as ""C++ uses ____.""
 * D. Rephrase the question to be more specific, such as ""How does C++ use...""
 
 **Explanation:**
 
 The original question is open-ended and could be interpreted in multiple ways. Rephrasing it as a multiple-choice question makes it more focused and easier for students to answer. 
 
 The answer choices provide different ways to rephrase the question and students can choose the most appropriate option based on their understanding.","Which of the following statements correctly describes the programming language C++?
 
 A) C++ is a hardware-based programming language.
 B) C++ is a high-level, object-oriented programming language.
 C) C++ is a markup language used for web development.
 D) C++ is a scripting language used for web development.
 
 Explanation:
 
 Option A is incorrect as C++ is not a hardware-based programming language.
 
 Option B is the correct answer, as C++ is a high-level, object-oriented programming language.
 
 Option C is incorrect as C++ is not a markup language used for web development.
 
 Option D is incorrect as C++ is not a scripting language used for web development.
 
 Note: It is important to ensure that the options provided are mutually exclusive and exhaustive to avoid any ambiguity in the question.","Which programming language specifically does the acronym C++ represent?
 
 A) Common Programming Language Plus
 B) Complex Programming Language Experience
 C) C Programming Language Enhancement
 D) Computer Programming Language Extension
 E) C Programming Language Plus Plus"
"## Rephrasing the question for a multiple-choice exam:
 
 **Which of the following is TRUE about the effect of `int(my_var)`?**
 
 * A. It rounds `my_var` to the nearest integer.
 * B. It converts `my_var` to an integer, truncating any decimal portion.
 * C. It raises an error if `my_var` is not already an integer.
 * D. It has no effect on `my_var` if it is already an integer.
 
 This rephrased question is unambiguous and suitable for a multiple-choice exam because:
 
 * It clearly states the question being asked.
 * It provides several possible answers, each with a distinct meaning.
 * It uses concise and precise language.
 * It avoids ambiguity by using specific terms like ""truncating"" and ""raises an error.""
 
 This format is commonly used in multiple-choice exams to assess a student's understanding of specific concepts or processes.","Which of the following statements accurately describes the effect of the `int(my_var)` function in Python?
 
 A) It converts the value of `my_var` to an integer, rounding down if the value is not a whole number.
 
 B) It converts the value of `my_var` to an integer, rounding up if the value is not a whole number.
 
 C) It converts the value of `my_var` to an integer, rounding to the nearest even number if the value is not a whole number.
 
 D) It converts the value of `my_var` to an integer, raising a `ValueError` if the value is not a whole number.
 
 E) It converts the value of `my_var` to an integer, raising a `TypeError` if the value is not a whole number.
 
 Please choose the correct answer from the options above.","Which option correctly describes the result of converting the variable ""my_var"" to an integer using the int() function?
 
 A) The variable's decimal point value is rounded to the nearest integer.
 B) The variable's string representation is converted to an integer.
 C) The variable's value is multiplied by the integer 1.
 D) The variable's value is divided by the integer 1.
 
 Answer: B) The variable's string representation is converted to an integer."
"## Rephrasing the question for a multiple-choice exam question:
 
 **Which of the following correctly describes the output of the code when the input string is ""HomeÂ Â Â Â Â Â Â Â Â Â Â Â Â Â is Â Â Â Â Â Â Â Â Â Â Â Â Â Â where the heart is""?**
 
 **Options:**
 
 * A. ""Home""
 * B. ""is""
 * C. ""where the heart is""
 * D. ""Home where the heart is""
 * E. The code will throw an error due to invalid input format. 
 
 ## Explanation of the code:
 
 The code snippet you provided takes the given input string and splits it into tokens based on the delimiter ""is"". This means that any whitespace before and after the word ""is"" will be ignored. The `while` loop then iterates through each token and prints it to the console.
 
 In the provided input string, there are three tokens:
 
 * ""Home""
 * ""where the heart"" 
 * """" (an empty string)
 
 Therefore, the output of the code will be:
 
 ```
 Home
 where the heart
 ```
 
 ## 
 ## Addressing potential safety concerns: 
 
 The code snippet and output provided do not seem to pose any safety concerns. It simply processes a string and prints the resulting tokens.","The following is an example of how you could rephrase the question to be more unambiguous and suitable for a multiple-choice exam:
 
 Question: What will be the output of the following code?
 
 String input = ""HomeÂ Â Â Â Â Â Â Â Â Â Â Â Â Â is Â Â Â Â Â Â Â Â Â Â Â Â Â Â Â Â where the heart is"";
 Scanner sc\_input = new Scanner(input).useDelimiter(""\\s*is\\s*"");
 while (sc\_input.hasNext())
  System.out.println(sc\_input.next());
 
 A) Home
 B) where the heart
 C) Home where the heart is
 D) Home where the heart is printed multiple times
 
 Answer: D) Home where the heart is printed multiple times
 
 Explanation: The code uses a Scanner to split the input string into tokens at the ""is"" word. It then prints each token to the console. Since the string contains multiple instances of the word ""is"", the output will be the string ""Home"" followed by the string ""where the heart"" printed multiple times. The correct answer is D).","Which output will be printed when the given Java code is executed with the input string ""Home is where the heart is""?
 
 A) Home
 B) is
 C) where the heart is
 
 Explanation: The Java code uses a Scanner to split the input string based on the substring ""is"". It then prints each token (word or substring) on a new line. Therefore, the expected output from the code is ""Home"" on the first line and ""where the heart is"" on the second line. To make the question clear and unambiguous for an exam, it's best to state the specific output expected from the provided code."
"The code in the `Unknown` class creates an instance of the class and then calls the four methods in the following order:
 
 1. `method1()`
 2. `method2(5)`
 3. `method3()`
 4. `System.out.println(x)` (Line D)
 
 ## Breakdown of the methods:
 
 * **`method1()`:**
  * Decrements the instance variable `x` by 1 (making it 16).
  * Declares a new local variable `x` and initializes it with the value of the instance variable `x` (which is now 16).
  * Increments the local variable `x` by 1 (making it 17).
  * Prints the value of the instance variable `x` (which is still 16).
 * **`method2(5)`:**
  * Receives the argument `5` and increments it by 1 (making it 6).
  * Prints the value of the argument `x` (which is 6).
 * **`method3()`:**
  * Decrements the instance variable `x` by 1 (making it 15).
  * Declares a new local variable `x` and initializes it with the value 2.
  * Increments the local variable `x` by 1 (making it 3).
  * Prints the value of the local variable `x` (which is 3).
 * **`System.out.println(x)` (Line D):**
  * Prints the value of the instance variable `x` after all the methods have been called.
 
 ## Output of Line A:
 
 Line A is located within the `method1()` method. At this point, the instance variable `x` has been decremented to 16. The local variable `x` within `method1()` is then initialized with the value of the instance variable `x` (16). Therefore, the output of Line A will be:
 
 **16**
 
 ## Multiple Choice Question:
 
 **What is the output of Line A when an instance of the `Unknown` class is created?**
 
 A. 15
 B. 16
 C. 17
 D. None of the above
 
 **Correct Answer: B. 16**","What is the value output by the first call to System.out.println() in the constructor of the Unknown class, which corresponds to Line A?
 
 A) 16
 B) 17
 C) 18
 D) 19
 E) 20
 F) The value of x cannot be determined from the given code.
 
 Explanation:
 
 Line A outputs the value of the instance variable x after it has been decremented by method1(). The local variable x in method1() is initialized to the value of the instance variable x, which is then incremented by 1, but this does not affect the instance variable x. Therefore, the output of Line A is the value of the instance variable x before it was modified by method1().
 
 The instance variable x is initialized to 17 in the constructor of the Unknown class. The constructor calls method1() before the first call to System.out.println() on Line D, which means that the value of x might have been modified by method1(). However, the modification of the local variable x in method1() does not affect the instance variable x, so the output of Line A is always 17, regardless of the other methods that are called.
 
 Therefore, the correct answer is B) 17.","Which output is produced when ""method1()"" is executed and Line A (""System.out.println(this.x);"") is reached?
 
 A) 16
 B) 18
 C) 17
 D) 19
 
 Answer: A. The initial value of x is 17, which is decreased to 16 before the print statement in method1 is executed. Therefore, the output will be 16."
"## Rephrasing the question for a multiple-choice exam:
 
 **Consider the following class:**
 
 ```java
 public class Ninja {
  private int honor;
  public Ninja(int h) {
  this.honor=h;
  }
 }
 ```
 
 **Suppose we instantiate two Ninjas like this:**
 
 ```java
 Ninja n1=new Ninja(50);
 Ninja n2=new Ninja(50);
 ```
 
 **Is the following statement True, False, or It Depends (i.e., depends on a factor external to this question):**
 
 ```java
 n1.equals(n2)
 ```
 
 **A. True**
 **B. False**
 **C. It Depends**
 
 This rephrased question retains the core information from the original prompt and presents it in a clear and concise format suitable for a multiple-choice exam question. 
 
 **Explanation of answer choices:**
 
 * **True:** If the `equals` method in the `Ninja` class compares the `honor` field of both objects, then `n1.equals(n2)` would be true.
 * **False:** If the `equals` method in the `Ninja` class compares object references, then `n1.equals(n2)` would be false.
 * **It Depends:** If the behavior of the `equals` method depends on factors external to the question, such as user input or external configuration, then the answer would be ""It Depends.""
 
 **Note:** This rephrased question assumes that the students are familiar with the concept of object equality in Java. If this is not the case, additional information may need to be provided.","Which of the following best describes the outcome of the expression `n1.equals(n2)` for the `Ninja` objects `n1` and `n2` instantiated as follows:
 ```
 Ninja n1 = new Ninja(50);
 Ninja n2 = new Ninja(50);
 ```
 A) True
 B) False
 C) It depends on the implementation of the `equals` method in the `Ninja` class.
 
 This question is unambiguous and suitable for a multiple-choice exam, as it clearly asks for the result of the expression `n1.equals(n2)` based on the provided code and instantiation. The answer choice ""C"" accounts for the possibility that the behavior of the `equals` method is not defined in the `Ninja` class, which is the case in the given code.","Which option best describes the result of calling the equalness operator (`equals()`) on `n1` and `n2`, given that they are both instances of `Ninja` class with an initial honor value of 50?
 
 A) True
 B) False
 C) It Depends (explain in the answer why it depends on external factors)"
"## Rephrasing the question for a multiple-choice exam:
 
 **Which abstract data type would be most suitable for storing helpdesk requests in the order they are received, ensuring they are handled in the same order?**
 
 **A.** Queue
 **B.** Stack
 **C.** Set
 **D.** List 
 
 This phrasing clarifies the purpose of using the data structure and directly asks about the order of handling requests. It also provides clear and concise answer choices, making it suitable for a multiple-choice question.","""Which of the following abstract data types is most suitable for implementing a helpdesk ticket system where tickets must be processed in the same order as they are received?""
 
 A) Queue
 B) Stack
 C) Array
 D) Linked List
 
 (Note: A Queue is the correct answer as it is a data structure that follows the ""First-In-First-Out"" (FIFO) principle, which ensures that the first element added to the queue will be the first one to be removed. This is useful for implementing the helpdesk ticket system where tickets must be processed in the same order as they are received.)","Which abstract data type would be most suitable for managing helpdesk requests in a way that guarantees processing in the exact order they were received?
 
 A) Stack
 B) Queue
 C) Hash Table
 D) Linked List
 
 Answer: B) Queue"
"Here's how I would rephrase the question to be unambiguous and suitable for a multiple-choice question on an exam:
 
 **Question:** 
 
 In the `Mystery` class, the variable `i` is declared within each of the methods `foo1`, `foo2`, and `foo3`. Is it appropriate to declare `i` as an instance variable instead, making it accessible to all methods within the class? 
 
 **Multiple Choice Options:**
 
 * A. Yes, `i` should be declared as an instance variable because it is used in all three methods.
 * B. No, `i` should remain as a local variable within each method because its value is unique to each method.
 * C. The decision of whether to declare `i` as an instance variable or a local variable depends on the specific functionality of the methods.
 * D. It is not possible to declare `i` as an instance variable because it is already declared as a local variable within the methods.
 
 **Explanation:**
 
 This question tests the student's understanding of variable scope and the advantages and disadvantages of using instance variables versus local variables. 
 
 * **Option A** is incorrect because `i` has different values and purposes within each method. Making it an instance variable would lead to unexpected behavior and potential errors.
 * **Option B** is the most likely correct answer. Declaring `i` as a local variable ensures that its value is specific to each method call and does not interfere with other methods.
 * **Option C** is partially correct. While the decision depends on the specific functionality, making `i` an instance variable in this case would be detrimental due to the varying values needed.
 * **Option D** is incorrect. It is possible to change the declaration of `i` from a local variable to an instance variable. 
 
 By carefully considering the context and purpose of `i` within each method, students can determine whether declaring it as an instance variable is appropriate or not.","Multiple choice question:
 
 Which of the following is the most appropriate action regarding the variable ""i"" in the given class definition?
 
 A) No action is necessary, as the variable ""i"" is already appropriately defined within the method scope.
 
 B) The variable ""i"" should be upgraded to a class variable, as it is used across multiple methods.
 
 C) The variable ""i"" should be upgraded to an instance variable, as it is used in multiple methods and retains its value between method calls.
 
 D) The variable ""i"" should be converted to a final variable, as it is not modified after its initialization.
 
 Explanation:
 
 The variable ""i"" is used in multiple methods and retains its value between method calls. Therefore, it is not appropriate to declare it as a local variable within each method. Instead, consider declaring it as an instance variable.
 
 Please note that the specific answer may depend on the larger context of the program and the intended behavior of the class. However, as a general principle, it is often a good idea to minimize the scope of variables to the smallest possible scope. In this case, declaring ""i"" as an instance variable may be the most appropriate action, as it allows the variable to be used in multiple methods without the need to pass it as an argument or return it as a value.
 
 Here is the revised question:
 
 Consider the following class definition:
 
 public class Mystery {
 private ArrayList<Stuff> myStuff;
 publicÂ Mystery()Â {Â Â myStuff = new ArrayList<Stuff> ();}
 public Stuff foo1 (int id)Â {Â Â int i = 42;
 ... code deleted...
 Â Â return myStuff[i];}
 public void foo2 (int id) {Â Â int i = -2;
 ... code deleted...}
 public Stuff foo3 (int id) {Â Â int i = 0;Â Â ... code deleted...Â Â return myStuff[i];}
 } // End of class Mystery
 
 Which of the following is the most appropriate action regarding the variable ""i"" in the given class definition?
 
 A) No action is necessary, as the variable ""i"" is already appropriately defined within the method scope.
 
 B) The variable ""i"" should be upgraded to a class variable, as it is used across multiple methods.
 
 C) The variable ""i"" should be upgraded to an instance variable, as it is used in multiple methods and retains its value between method calls.
 
 D) The variable ""i"" should be converted to a final variable, as it is not modified after its initialization.","Which of the following variables, ""i"" in the methods foo1(), foo2(), and foo3() of class Mystery, should be declared as an instance variable instead of a local variable?
 
 A) The variable ""i"" in method foo1(int id) with initial value 42.
 B) The variable ""i"" in method foo2(int id) with initial value -2.
 C) The variable ""i"" in method foo3(int id) with initial value 0.
 
 Answer:
 Based on the given code snippets, none of the variables ""i"" in the methods foo1(), foo2(), and foo3() should be declared as an instance variable. They are local variables used within the methods and their values are not being modified or used outside of the methods. If the methods required the use of a common variable for multiple method invocations, then it would make sense to consider making it an instance variable. However, based on the given code, there is no need to make any of the ""i"" variables into instance variables."
"## Rephrased Question for Multiple Choice:
 
 **Which line of code in the `minVal` method contains a logic error that prevents it from correctly finding the minimum value in the array `y`?** 
 
 **Options:**
 
 * A) Line 1: `int bestSoFar = y[first];` 
 * B) Line 2: `if ( y[i] < y[bestSoFar] )`
 * C) Line 3: `bestSoFar = y[i];` 
 * D) Line 4: `return bestSoFar;`
 
 **Additional Notes:**
 
 * The original question was unambiguous and suitable for an exam question.
 * The rephrased question is in the same language as the original question. 
 * The rephrased question does not compromise safety.","Which of the following lines in the `minVal` method contains a logic error?
 
 1. `int bestSoFar = y[first];`
 2. `if ( y[i] < y[bestSoFar] )`
 3. `bestSoFar = y[i];`
 4. `return bestSoFar;`
 
 Explanation:
 
 The logic error is in line 2. The correct condition should be `y[i] < bestSoFar`, instead of `y[i] < y[bestSoFar]`. The current condition checks if the element at position `i` is less than the element at position `bestSoFar`, whereas the correct condition should check if the element at position `i` is less than the current value of `bestSoFar`.
 
 Here is the corrected version of the code:
 
 ```java
 public static int minVal(int[] y, int first, int last) {
  /* This method returns the value of the minimum element in the
  * subsection of the array ""y"", starting at position
  * ""first"" and ending at position ""last"".
  */
  int bestSoFar = y[first];
  
  for (int i=first+1; i<=last; i++)
  {
  if ( y[i] < bestSoFar )
  bestSoFar = y[i];
  }
  
  return bestSoFar;
 }
 ```
 
 Explanation:
 
 The `minVal` method returns the minimum value of a subarray of `y` from `first` to `last` inclusive. The variable `bestSoFar` is initialized to the value of the first element of the subarray. Then, the method iterates over the subarray starting from the second element and compares it with the current value of `bestSoFar`. If the current element is smaller than `bestSoFar`, the value of `bestSoFar` is updated to the current element. Finally, the method returns the value of `bestSoFar`.","Which line in the given method ""minVal"" contains the logic error indicated by the comments?
 A) int bestSoFar = y[first]; (line 1)
 B) if ( y[i] < y[bestSoFar] ) (line 2)
 C) bestSoFar = y[i]; (line 3)
 D) return bestSoFar; (line 4)
 
 Answer: The logic error is likely in option B, where the condition for updating bestSoFar should be ""y[i] <= y[bestSoFar]"", instead of ""<"". This allows the loop to find the minimum value even if it's at the beginning of the subarray."
"## Rephrasing the question for a multiple-choice exam question:
 
 **Question:** 
 
 Which of the following problems is **not** in P (assuming P â‰ NP)?
 
 **Answer Choices:**
 
 **(A)** A problem that can be solved in polynomial time by a deterministic Turing Machine.
 **(B)** A problem that can be solved in exponential time by a non-deterministic Turing Machine.
 **(C)** A problem for which every instance has a solution that can be verified in polynomial time by a deterministic Turing Machine.
 **(D)** A problem for which there exists a polynomial-time algorithm that always finds a solution, if one exists.
 **(E)** A problem that is NP-complete.
 
 This phrasing clarifies the meaning of ""P"" and avoids ambiguity by explicitly stating the assumption P â‰ NP. The answer choices cover various aspects related to P and NP, ensuring a comprehensive understanding of the concepts. 
  
  ## Explanation:
 
 - **(A) is incorrect** because it defines P as the class of problems solvable in polynomial time by a deterministic Turing Machine, which is the correct definition.
 - **(B) is incorrect** because it describes problems that may be in EXP (the class of problems solvable in exponential time), not necessarily in P.
 - **(C) is incorrect** because it defines NP as the class of problems for which every instance has a verifiable solution in polynomial time, which is also correct.
 - **(D) is incorrect** because it defines P as the class of problems for which there exists a polynomial-time algorithm that always finds a solution, when one exists. This encompasses all problems in P and some problems outside P (e.g., problems with multiple solutions where the algorithm might not find all of them).
 - **(E) is the correct answer.** NP-complete problems are in NP but are believed not to be in P (assuming P â‰ NP). Hence, they are a good example of a problem not in P.","Which of the following problems is NOT believed to be in class P (assuming P is different from NP)?
 
 A) Determining if a number is prime
 B) Finding the shortest path between two nodes in a weighted graph
 C) Sorting a list of integers
 D) Factoring a large number into its prime factors
 
 Note: The assumption that P is different from NP is generally accepted in the computational theory community, but has not been proven.",None
None,"What is the result of including the statement ""Option Explicit"" in the declaration section of a Visual Basic module?
 
 A) It requires all variables to be explicitly declared before they can be used in the module.
 
 B) It enables the use of optional arguments in procedure calls.
 
 C) It disables the use of optional arguments in procedure calls.
 
 D) It specifies that a variable must be explicitly initialized before it can be used.
 
 Explanation:
 
 Option Explicit is a statement that can be used in the declaration section of a Visual Basic module to require all variables to be explicitly declared before they can be used. This helps to avoid errors caused by using undeclared variables, as it will cause a compile-time error if a variable is used without first being declared.
 
 A) Correct.
 
 B) Incorrect. Option Explicit does not enable the use of optional arguments in procedure calls.
 
 C) Incorrect. Option Explicit does not disable the use of optional arguments in procedure calls.
 
 D) Incorrect. Option Explicit does not specify that a variable must be explicitly initialized before it can be used. It only requires that variables be declared before they can be used.
 
 Note that Option Explicit is not the default setting in Visual Basic, so it is a good practice to include it in the declaration section of a module to ensure that variables are explicitly declared.","What is the result of using the statement ""Option Explicit"" in the declaration section of a Visual Basic module?
 
 A) It allows for implicit data type declarations
 B) It requires all variables to be explicitly declared before use
 C) It enables debugging for runtime errors only
 D) It enables debugging for compile-time errors only"
"## Rephrasing the question for a multiple-choice exam:
 
 **Consider the unsorted array {1, 4, 3, 7, 15, 9, 24}. If you attempt to perform a binary search on this array, which element will not be found?**
 
 **A.** 1
 **B.** 3
 **C.** 4
 **D.** 7
 **E.** 9
 **F.** 15 
 **G.** 24 
 
 This rephrased question clarifies the context and removes unnecessary information, making it suitable for a multiple-choice format on an exam.","Which of the following elements, when used as the target value in a binary search algorithm, would not be found in the unsorted array {1, 4, 3, 7, 15, 9, 24}?
 
 A) 1
 B) 3
 C) 10
 D) 24
 E) 30
 
 Note: This question is asking for a value that would result in a failure of the binary search algorithm, not necessarily implying that the array is being searched for a specific ""correct"" value. Instead, the question offers a set of potential values for which the binary search algorithm would not be able to find a corresponding index within the given array. This is an example of how a question can be rephrased to be unambiguous and suitable for a multiple-choice exam.","Which element would not be found if you performed a binary search on the unsorted array {1, 4, 3, 7, 15, 9, 24}?
 
 A) 1
 B) 3
 C) 7
 D) 9
 E) 24
 
 Answer: E, since binary search requires the array to be sorted first. The given array is unsorted. Thus, none of the elements listed in the options A-D would definitively not be found when performing a binary search on this unsorted array. However, option E is incorrect because even if sorted, the element 24 would still be in the array. To find an element that would not be in a binary search of an unsorted array, we would need to look for an element not present in the array at all."
"There are multiple ways we can rephrase, but the most relevant one to your question would be:
 
 Which of the following accurately describes a Java interface?
 
 Here, we changed ""How would you rephrase"" to ""Which of the following accurately describes,"" which is much more suitable for a multiple-choice question format.",None,"Which of the following statements accurately describes a Java interface?
 
 A) It is a type of class that can have constructors and methods with implementations.
 B) It is a contract that defines a set of methods and constants that a class must implement.
 C) It is used to create an object that can be used as a variable of multiple types.
 D) It can only be extended by one class at a time.
 
 Correct answer: B) It is a contract that defines a set of methods and constants that a class must implement."
"## Rephrasing the question for a multiple-choice exam:
 
 **Which of the following accurately describes the process of inserting a node into a heap?**
 
 * A. The node is inserted at the root of the heap.
 * B. The node is inserted as a child of the last node in the heap.
 * C. The node is inserted at the first available position in level-order traversal.
 * D. The node is inserted at its correct position based on the heap property, possibly involving swaps with its parent nodes. 
 
 
 This revised question clarifies the context and provides distinct answer choices, making it suitable for a multiple-choice format on an exam.","""How do you correctly insert a new node into an existing binary heap data structure?""
 
 This multiple-choice question could then be followed by several possible answer options, such as:
 
 A) Adding the new node as the root of the heap
 
 B) Inserting the new node at a leaf node and then ""bubbling up"" as necessary to maintain the heap property
 
 C) Inserting the new node at the very end of the heap and then ""percolating down"" to maintain the heap property
 
 D) Inserting the new node in a random location within the heap and then re-sorting the entire heap to maintain the heap property
 
 The correct answer would be option B or C, as these options accurately describe the common process of inserting a new node into a heap and then restoring the heap property through a process of adjusting the position of the new node in the tree. Option A is not correct, as adding a new node as the root of the heap would destroy the heap property. Option D is also not correct, as it would be a very inefficient and time-consuming way to maintain the heap property, and it is not the typical process used to insert a new node into a heap.","Which action is taken to insert a new element into a heap data structure?
 
 A) Removing an element from the heap
 B) Decreasing the key value of an element in the heap
 C) Replacing the root node with a new node
 D) Adding a new node to the heap while maintaining heap property"
"A. An array of objects
 B. An integer literal
 C. An integer variable
 D. A string
 
 This question is unambiguous and suitable for a multiple choice question on an exam because it has a clear stem, four distinct answer choices, and a single correct answer. The question asks about the type of the variable `x`, which is declared as an integer in the given code snippet. The answer choices reflect the different types of data that can be stored in an integer variable, including an integer literal, an integer variable, and a string. The correct answer is C, ""An integer variable.""","Which of the following best describes the parameter of the `foo` method?
 
 A) x is an integer variable
 B) x is the name of a method
 C) x is a formal parameter of the method foo
 D) x is a reference to an object
 
 Explanation:
 
 Option A is incorrect because x is not just an integer variable, but a formal parameter of the method.
 
 Option B is incorrect because x is not the name of a method, but a parameter of the method.
 
 Option C is correct because x is a formal parameter of the method foo.
 
 Option D is incorrect because x is not a reference to an object, but an integer variable.","What is the value type represented by the parameter ""x"" in the ""foo"" method?
 
 A) Integer array
 B) String
 C) Double
 D) Object
 E) Character
 Answer: A) Integer"