,Question,anthropic/claude-3-opus,google/gemini-pro,mistralai/mixtral-8x7b-instruct:nitro,mistralai/mistral-7b-instruct:nitro
0,The StackADT's pop operation:,"A. removes an element from the bottom of the stack
B. removes an element from the middle of the stack
C. removes an element from the top of the stack (X)
D. does not remove any elements from the stack","**Question:**

The StackADT's pop operation:

A. Inserts an item onto the stack
B. Removes the topmost item 
C. Retrieves the top item
D. Clears all items from the stack

**Correct Answer:**

B. Removes the topmost item","
A) discards and returns the top value of the stack.
B) discards the top value of the stack without returning it.
C) performs the add operation.
D) discards the top value of the stack and returns the new top value. (X)
E) returns the top value of the stack without discarding it.

This question asks about the pop operation of a Stack Abstract Data Type (ADT). This operation typically removes the top value of the stack and returns it. However, there are plausible distractors that may be mistaken for the correct answer. These distractors can include operations that the Stack ADT does not support (e.g., C, perform the add operation), or operations that do something similar to the correct answer but is not exactly the same (e.g., E, returns the top value of the stack without discarding it).

The correct answer is marked with an (X) which is D) discards the top value of the stack and returns the new top value. This is the correct answer because pop operation typically removes the top value of the stack and returns the new top value after the operation is performed. The other distractors are not the correct answer because they either describe an operation that is not supported by the Stack ADT or does not match the exact behavior of the pop operation."," A) Removes and returns the top element, decreasing the size of the stack by one.
B) Adds an element to the top of the stack, increasing the size of the stack by one.
C) Deletes all elements from the stack and returns an empty list.
D) Searches for an element in the stack and returns its index if found.

(X) A) Removes and returns the top element, decreasing the size of the stack by one."
1,You see the expression n = 100000 in some code that successfully compiles. What type can n not be?,"A. int
B. long
C. float
D. double (X)","**Distractors:**

* short
* int (X)
* float
* long long

**Correct Answer:**

* int (X)","
A) float                        (X)
B) double
C) int
D) long

E) char

(X) Correct answer marked with an (X). Distractors are reasonable alternatives, but not quite correct."," A) float
B) int
C) char
D) boolean

(X) A) float

Explanation (for human reference): The given expression is assigned a value of 100000, which is an integer value. Floats are used to store decimal numbers with a fractional part, and they cannot be directly assigned an integer value in this way, hence why n cannot be a float."
2,"public BallPanel extends javax.swing.JPanel {
     private Ball[] _balls;
     public BallPanel(){
        _balls = new Ball[20];
        for (int i=0;i<10;i++)
           _balls[i] = new Ball();
     }
     ...
  }

 
After I have instantiated a BallPanel using the above code, which of the following Java statements would work (if executed in some method of BallPanel)?  Assume Ball has a public getColor() method.","A. _balls[0].getColor();
B. _balls[10].getColor();
C. _balls[19].getColor();
D. _balls[20].getColor(); (X)","**Plausible Distractors:**

* for (Ball ball : _balls) ball.getColor().getRGB();
* for (int i=0; i<_balls.length; i++) _balls[i].getColor();
* Collections.sort(_balls, _balls[i].getColor());

**Correct Answer:**

* for (Ball ball : _balls) if (ball != null) ball.getColor(); (X)X. for (int i=0;i<10;i++) { System.out.println(_balls[i].getColor()); }","

1. Ball currentBall = _balls[0];
2. currentBall.getColor();
3. String ballColor = currentBall.getColor(); 
4. _balls[21] = new Ball(); 

	(3) is the correct answer.
	(1) initializes a Ball object and assigns it to currentBall.
	(2) invokes the getColor() method of the Ball object, returning the color.
	(4) is incorrect because the array index is out of bounds."," A) for (int i = 15; i < 20; i++) { _balls[i].getColor(); }
B) _balls[0].getColor();
C) for (Ball ball : _balls) { ball.getColor(); }
D) _balls.getColor();

(X) C) for (Ball ball : _balls) { ball.getColor(); }"
3,"Suppose s is an instance of a stack that can store Strings, and I execute the following statements?
1. s.push(""Finland"");
2. s.push(""is"");
3. s.push(""my"");
4. String w = s.peek();
5. String x = s.pop();
6. s.push(""home"");
7. String y = s.pop();
8. String z = s.pop();

 
What is the value of z after executing these statements in order?","A. ""Finland""
B. ""is""
C. ""my""
D. ""home"" (X)","**Question:**
Suppose s is an instance of a stack that can store Strings, and I execute the following statements?
1. s.push(""Finland"");
2. s.push(""is"");
3. s.push(""my"");
4. String w = s.peek();
5. String x = s.pop();
6. s.push(""home"");
7. String y = s.pop();
8. String z = s.pop();

What is the value of z after executing these statements in order?

**Distractors:**
- home (X)
- my
- Finland

**Correct Answer:**
- is","

A) is
B) home
C) my
D) Finland (X)"," A) ""is""
B) ""my""
C) ""home""
X) ""Finland""

So the correct answer is (X) ""Finland"", as it was the first element that was pushed onto the stack."
4,Suppose you are trying to choose between an array and a linked list to store the data in your Java program. Which data structure can change size as needed while the program is running?,"A. Array
B. Linked List (X)
C. Both array and linked list
D. Neither array nor linked list","**Distractors:**

1. Array (X)
2. Queue
3. Hash Table

**Correct Answer:**

4. Linked List (X)B)** A circular array
* **(C)** A binary heap

**(X)** **(D) A Linked list**","
A) Array 
B) Linked List (X) 
C) Hash Table 
D) Stack

"," A) An array
B) A linked list (X)
C) A hash table
D) A stack

(Answer: B) A linked list can change size as needed while the program is running by adding or removing elements dynamically. An array, on the other hand, has a fixed size that cannot be changed once it is initialized. A hash table is a data structure that provides constant-time average complexity for search and insert operations, while a stack is a last-in-first-out data structure suited for handling expressions or function calls.)"
5,"What will be outputted?
class A{
      int firstMethod(int input){
           return input+2;
     }
}
class B extends A{
}
class C extends B{
     int firstMethod(int input){
          return input-2;
     }
}
public class test {
     public static void main(String[] arg){
          B myObject = new B();
          System.out.println(myObject.firstMethod(2));
     }
}","A) 0
B) 2
C) 4 (X)
D) Compilation error","**Distractors:**
- 0
- 4
- -2

**Correct answer:** (X) 4","
A) 4
B) 2
C) 0
D) 1 (X)

The correct answer is D) 1 because the object `myObject` is of type `B`, and class `B` does not override the `firstMethod`, but it inherits the `firstMethod` from class `A` which adds two to the input. Therefore, the output will be `2 + 2 = 4`. But the code `System.out.println(myObject.firstMethod(2));` in the `main` method calls the `firstMethod` of `myObject`, which is an instance of `B`. Since `B` doesn't override the `firstMethod`, it will call the `firstMethod` of its parent class `A`, and thus, the output would be `4`. However, the question asks for the output of the code, which includes the printing of the output. In Java, the `System.out.println` method automatically adds a newline character at the end of the output. Therefore, the output of the code would be `4` followed by a newline character, which is represented as `1` in the context of the question."," A. The output will be: 4 (X)
B. The output will be: 0
C. The output will be: 6
D. The output will be: 3

Explanation:
The correct answer is (A) because the class hierarchy is as follows: A > B > C. The method firstMethod overrides the method of the parent class A in B and C, but in this case, the method is not overridden in class B, so the method of class A will be called when we call the firstMethod of an instance of class B. Thereby, the value of input + 2 is returned. In class C, the method is overridden, so when an instance of class C is used to call firstMethod, the value of input - 2 is returned."
6,"Consider the following Java implementation of a Stack:
public class Stack<E> extends LinkedList<E>{
  private int size=0;
  public int size(){
    return size;
  }
  public void push(E e){
    add(e);
    size+=1;
  }
  public E pop() {
    size-=1;
    return removeLast();
  }
}

 
What does the following code output?
Stack<Integer> q=new Stack<Integer>();
q.push(10);
q.push(20);
q.clear();  // clear() is inherited from LinkedList

System.out.println(q.size());","A. 0
B. 1
C. 2 (X)
D. The code will result in a runtime error.","Distractor 1: 2 (X) Correct answer
Distractor 2: 0
Distractor 3: 10Correct Answer:**

* 0 (X)","
(A) 2 (B) 0 (C) 10 (D) 20 (X) 0

The `clear()` method is inherited from `LinkedList` and it removes all elements from the list. Therefore, after the call `q.clear()`, the `Stack` is empty and the `size()` method returns `0`. So the correct answer is (B) 0."," A) 1 (The size is 1 after clearing the stack)
B) 2 (The size is 2 before clearing the stack)
C) 3 (The size is 3 before pushing the first element)
D) 0 (The stack is empty after the clear() call)

(X) D) 0 (The stack is empty after the clear() call)"
7,"What wil the following code print, assuming that N is a positive integer?
int count=0;
for (int i=0; i<N; i++) {
   if (i % 2 == 0) {
      count++;
   }
}
System.out.println(count);","A) N / 2
B) N % 2
C) (N + 1) / 2 (X)
D) N","**Distractors:**
- 0
- N/2 (X)
- N

**Correct Answer:**
- N/2 (X)","
A) N
B) N/2
C) 2N
D) 2 (X)

A) This is incorrect because N is not printed, rather the value of the variable ""count"" is printed.
B) This is the correct answer if N is even, but if N is odd, then the answer will be 1 more than N/2
C) This is incorrect because 2N is double N, which is not the expected result.
D) This is the correct answer if N is a positive integer. The loop counts the number of even numbers between 0 and N, which is N/2 for positive even integers, and N/2+1 for positive odd integers. Therefore, the answer will always be 1 more than N/2 for any positive integer N."," A) 0, if N is odd
B) N, if N is even
C) The value of N divided by 2
D) The number of odd numbers less than or equal to N
(X) The number of even numbers less than or equal to N."
8,"Read the following method skeleton and choose the best expression to fill in the blank on line 5 so that the method will behave correctly:
/**
* Takes a string reference and counts the number of times
* the character 'A' or 'a' appears in the string object.
* @param aString   String reference to object containing chars.
* @precondition    aString is not null (you may assume this is true).
* @return          The number of times 'A' or 'a' appears in the string.
*/
public static int countAs(String aString)  // line 1
{
    int counter = __________;              // line 2
    int totalA = 0;                        // line 3
    while (counter < __________)           // line 4
    {
        if ( __________.equals(""A"") )      // line 5
        {
            totalA = totalA + __________;  // line 6
        }
        counter++;                         // line 7
    }
    return __________;                     // line 8
}","Here are three plausible distractors and one correct answer for the blank on line 5:

( ) aString[counter]
( ) aString.charAt(counter)
( ) aString.substring(counter)
(X) aString.substring(counter, counter + 1)","1. counter = 0; **(X)**
2. counter = -1;
3. counter = totalA;
4. aString.charAt(counter).equals(""A"");aString.substring(counter, counter + 1) (X)","
Correct answer: aString.charAt(counter)

Distractors:
1. aString.charAt(0)
2. aString[counter]
3. counter.charAt(0)"," A) aString.length()
B) 0
C) counter
D) Character.toUpperCase((char) aString.charAt(counter))
X) char currentChar = aString.charAt(counter);

Explanation:
The correct answer should be an expression that retrieves the char at the current index of the string. Thus, option D comes close, but we need to store it in a variable to use it in the if statement and the line where we increment the total count. The provided answer is missing the variable name, so we added 'currentChar' to make it work properly."
9,"You've got an algorithm that is O(log N). On the first run, you feed it a collection of size M. On the second run, you feed it a collection of size M / 2. Assuming each run has worst-case performance, how many fewer operations does the second run take?","A) O(1) fewer operations
B) O(log 2) fewer operations
C) O(log M) fewer operations
D) O(log (M/2)) fewer operations (X)","A.  log(M − 1) (X)
B.  M
C.  M / 2
D.  14","
A) M/2 - 1
B) M - M/2 (X)
C) M/2 - 1/2
D) M/2 + 1/2

"," A) Approximately M / 4 fewer operations
B) Approximately M / 2 fewer operations
C) Approximately M log(2) fewer operations
D) Approximately M / 4 * log(2) fewer operations

(X) Answer: B) Approximately M / 2 fewer operations

This question is testing knowledge of the Big O notation and logarithmic growth. The key information here is that on the second run, the size of the collection is reduced by a factor of two, which corresponds to a logarithmic decrease in the number of elements. The most straightforward distractor is C, which is incorrect because it doesn't take into account the reduction in input size. A and D are incorrect since they don't match the actual reduction in operations based on the given information."
10,Two algorithms accomplish the same task on a collection of N items. Algorithm A performs (N/2)3 operations. Algorithm B performs N2 operations. Under what conditions does algorithm A offer strictly better performance?,"A) When N is less than 8
B) When N is greater than 8
C) When N is equal to 8
D) When N is greater than 4 (X)

Explanation: To determine under what conditions Algorithm A performs better, we need to compare the number of operations performed by each algorithm.

Algorithm A: (N/2)^3 operations
Algorithm B: N^2 operations

For Algorithm A to offer strictly better performance, (N/2)^3 must be less than N^2.

(N/2)^3 < N^2
N^3/8 < N^2
N^3 < 8N^2
N < 8

Therefore, Algorithm A offers strictly better performance when N is greater than 4.","Distractors:
(A) N is even.
(B) N is odd.
(C) N is a power of 2.

Correct answer (marked X):
(X) N is less than 88.","
A. N < 8
B. N < 36 (X)
C. N < 64
D. N < 100

"," (A) When N is a perfect cube
(B) When N is a multiple of 3
(C) When N is less than 27
(D) When N is a prime number

(X) (A) When N is a perfect cube

Explanation: Algorithm A's operation count increases as N cubed, while Algorithm B's operation count increases as N squared. Perfect cubes are the numbers that can be written as n³ for some integer n, so when N is a perfect cube, Algorithm A will perform fewer operations than Algorithm B, offering strictly better performance."
11,"What does the following Java code print?
int outer=0;
for (int i=0; i<12; i++) {
   if (i % 2 == 0) {
      outer++;
   }
}
System.out.println(outer);","A. 5
B. 6 (X)
C. 11
D. 12","**Distractors:**

* 0
* 1
* 11

**Correct Answer:**

* 6 (X)","
- A: 12 (X)
- B: 6
- C: 5
- D: 3

Explanation:
The correct answer is A, because `i` is looped from 0 to 11, and the `if` statement checks if the current value of `i` is divisible by 2. If it is, then the `outer` variable is incremented by 1. Half of the numbers between 0 and 11 are even, so the `outer` variable is incremented 6 times, and the final value of `outer` is 6. However, since `outer` is initialized with 0, it is printed out as 12, which is the correct answer."," A) 7
B) 6
C) 11
D) 10 (X)

The correct answer is D, because the outer variable is incremented whenever i is even, so the loop runs 6 times when i is even (for i = 0, 2, 4, 6, 8, and 10), resulting in the value 10 for outer after the loop completes."
12,What abstract data type is best suited to help us implement a breadth-first search?,"A. Stack
B. Queue (X)
C. Tree
D. Linked List","**Distractors:**

* Queue (X)
* Stack
* Binary Tree

**Correct Answer:**

* Queue (X)

4. Queue (X)","
[A) Array, B) Stack, C) Queue (X), D) Deque]

Here are three plausible distractors (wrong answer choices):
1. Array - This is a linear data structure, but it does not support the FIFO property needed for BFS.
2. Stack - This is also a linear data structure, but it supports the LIFO (last in first out) property, which is not suitable for BFS.
3. Deque - This is a double-ended queue that supports both adding and removing elements from both ends, which may not be required in a simple BFS implementation.

And the correct answer is:
1. Queue (X) - A queue is a linear data structure that supports the FIFO (first in first out) property, which is an essential requirement for a breadth-first search."," A) Stack (X)
B) Queue
C) Linked List
D) Tree

(Answer: B. Queue)

Explanation: In a breadth-first search algorithm, nodes are processed in the order they were discovered, meaning that nodes at the same depth are processed before nodes at a lower depth. This ordering is best achieved using a queue data structure, where nodes at the same depth are kept in the same level within the queue. A stack would not be suitable as it follows the Last-In-First-Out (LIFO) rule, while a linked list and a tree do not provide the ordering required for BFS."
13,Locating a new node's insertion point in a binary search tree stops when,"A. The new node's value matches an existing node's value
B. The new node reaches a leaf node
C. The tree becomes balanced after insertion
D. (X) A null reference is encountered for the new node's child","* The new node's key is greater than the current node's key.
* The current node has no right child.
* (X) The current node's key is equal to the new node's key.
* The current node's key is less than the new node's key.","
A) The left child is smaller than the node, and the right child is larger than the node.
B) The left and right child both are smaller than the node.
C) The left child is larger than the node, and the right child is smaller than the node.
D) The left child is larger than the node.

(X) A) The left child is smaller than the node, and the right child is larger than the node.

(D) The left child is larger than the node.
(C) The left child is larger than the node, and the right child is smaller than the node.
(B) The left and right child both are smaller than the node."," A) The node is found
B) The node is leaf nodes only
C) The node is equal to the current node
D) The node's left subtree is empty (X)

Answer key: D) The node's left subtree is empty.

Distractors:
A) The node is found: Incorrect, the insertion point can be determined even if the node is not found and needs to be inserted instead.
B) The node is leaf nodes only: Incorrect, leaf nodes do not have insertion points as they are the end of the branches.
C) The node is equal to the current node: Incorrect, nodes cannot be inserted as their own children."
14,"If you did not have a base case in a recursive function in C, and were working on a modern Unix-based system, what would most likely happen?","A. The function would return the correct result
B. The function would crash with a stack overflow error (X)
C. The function would run indefinitely, consuming all available memory
D. The function would terminate prematurely with an ""Illegal Instruction"" error","**Correct Answer:** (X) Stack overflow

**Distractors:**

* Runtime error
* Crash
* Segmentation fault message.
3. The function would return a NULL value.

**Correct Answer (X):**

4. The function would stack overflow. (X)","
1. The program would exit with a segmentation fault. (X)
2. The program would run indefinitely.
3. The program would output a compiler error.
4. The program would run but produce incorrect output."," A) The function would compile without errors and run without issues
B) The compiler would issue a warning and allow the function to run
C) The function would not compile due to a missing function prototype
D) The function would crash at runtime with an undefined behavior error (X)

Note: The base case is essential to specify the termination condition in a recursive function, otherwise, it could result in an infinite loop or a stack overflow error."
15,"William has the hash function: hash function h(k) = (sum of the digits) % 10. He wants to hash 33, 60, 24, 42 and 6.
Which collision resolution method should he chose in his implementation, if he wants to ensure that adding 80 happens in O(1) time?","A) Separate chaining
B) Linear probing
C) Quadratic probing
D) Double hashing (X)","**Distractors:**

* **1:** Closed addressing
* **2:** Open addressing
* **3:** Linear probing

**Correct Answer:**

* **X:** Bucket chaining:**
* Closed addressing with static overflow (X)","
1. Linear probing (X)
2. Quadratic probing
3. Double hashing
4. Rehashing

If William wants to add 80 in O(1) time, he needs to avoid collisions when implementing the hash function. Linear probing, which tries to find the next empty slot in the hash table, has an average time complexity of O(1), assuming a uniform distribution of the hash function. This is the best choice to avoid collisions when adding 80 in constant time."," (A) Separate Chaining
(B) Linear Probing (X)
(C) Quadratic Probing
(D) Double Hashing

(X) William should use Linear Probing, as it provides constant-time complexity for hash table lookups and insertions in an open addressing hash table. Separate Chaining, Quadratic Probing, and Double Hashing are collision resolution methods that work by probing for an empty slot in the hash table when a collision occurs. They do not guarantee O(1) time complexity for hashing new items directly."
16,"What would the following line of code do with a form named frmMain?
frmMain.Caption = txtName.Text","A. Set the text of the txtName textbox to the caption of frmMain
B. Set the text of the txtName textbox to the text entered in frmMain
C. Set the caption of frmMain to the text entered in the txtName textbox (X)
D. Set the caption of frmMain to the name of the txtName textbox","**Question:**
What would the following line of code do with a form named frmMain?
frmMain.Caption = txtName.Text

**Distractors:**
* Sets the caption of frmMain to ""txtName""
* Assigns the value of txtName.Text to the caption of frmMain
* Sets the value of txtName.Text to the caption of frmMain (X)
* Closes frmMain and opens a new form","
1. Set the name of the form to the value of the text in the txtName textbox. (X)
2. Set the name of the textbox to the value of the Captition of the form.
3. Set the title of the form to the value of the txtName textbox.
4. Set the text in the txtName textbox to the name of the form.

*Explanation:* The correct answer is 1. Set the name of the form to the value of the text in the txtName textbox. The code sets the Caption property of the form (frmMain) to the value of the text in the textbox (txtName). The Caption is the title of the form window. The other options are not plausible."," A) Set the caption of frmMain form to an empty string
B) Hide the frmMain form
C) Disable all the controls on the frmMain form
D) Set the caption of frmMain form to the text inside the txtName textbox. (X)

Answer: D) Set the caption of frmMain form to the text inside the txtName textbox. (X)"
17,Which of the following abstract datatypes would be the best choice for part of the implementation of the back button on a Web browser?,"A. Queue
B. Stack (X)
C. Linked List
D. Hash Table","**Distractors:**

* Binary search tree
* Hash table
* Graph

**Correct Answer:** (X) Stack","
A) Integer(X)
B) Boolean
C) Stack
D) Queue

Correct Answer: (C) Stack
Distractors: (A) Integer, (B) Boolean, (D) Queue

The correct answer is (C) Stack because when you click on a back button, it's a ""Last In, First Out"" (LIFO) action. The last page you visited should be the first one to appear again. The Stack datatype is an ordered collection of items, which follow the LIFO principle. This makes it a suitable choice for a back button in a web browser.

(A) Integer and (B) Boolean are not abstract datatypes and therefore not suitable for this task. An Integer is a number and a Boolean is a true or false value, neither of which are suitable for a back button operation in a web browser.

(D) Queue is an ordered collection of items, but it follows the ""First In, First Out"" (FIFO) principle, not the LIFO. Therefore, it is not suitable for the back button operation.

(C) Stack is the best choice for the back button on a web browser because of the LIFO principle."," A) Stack (X)
B) Queue
C) Tree
D) Graph

Explanation: The best choice for part of the implementation of the back button on a Web browser is a stack. When the user navigates forward through a website, new pages are added to the top of the stack. When the user presses the back button, the top page is popped off the stack, and the previous page becomes the active one. This behavior is in line with the Last-In-First-Out (LIFO) principle that a stack follows, making it the most suitable abstract datatype for the implementation of a back button."
18,"Given the following Java class declaration:
public class T2int
{
    private int i;

    public T2int()
    {
        i = 0;
    }

    public T2int(int i)
    {
        this.i = i;
    }

    public int get()
    {
        return i;
    }
}

 
The following method, called rangeSum(), is intended to take three parameters: a List of T2int objects, plus the low and high end of a range within the list. The method computes the sum of the values in the List that are within the ""range"" (but not including the range end values). Choose the best choice to fill in the blank on Line 8 so that the method will work as intended:
public int rangeSum(List<T2int> list, int low, int high)
{
    int num = 0;                                 // Line 1
    int sum = 0;                                 // Line 2

    for (int idx = 0; idx < list.size(); idx++)  // Line 3
    {
        int ival = list.get(idx).get();          // Line 4
        if (__________)                          // Line 5
        {
            num++;                               // Line 6
            sum = __________;                    // Line 7
        }
    }
    return __________;                           // Line 8
}","A. sum + ival
B. sum
C. sum + num
D. (X) sum","* Distractor 1: ival <= (low || high) (X)
* Distractor 2: (ival > low && ival < high) (X)
* Distractor 3: (low < ival < high) (correct answer)
* Distractor 4:  (low >= ival &&  ival <= high) (X)","
A) if(ival < low)
B) if(ival > high)
C) if((ival < low) || (ival > high))
D) if((ival <= low) && (ival >= high))

Answer: C) if((ival < low) || (ival > high))

Explanation:
Correct answer: C) if((ival < low) || (ival > high))

Explanation:
Distractors:
A) if(ival < low)
   This is incorrect because the sum of the integers below the range should not be included in the total.
B) if(ival > high)
   This is incorrect because the sum of the integers above the range should not be included in the total.
D) if((ival <= low) && (ival >= high))
   This is incorrect because the program should not look at the elements that are equal to both low and high.

The correct answer is: C) if((ival < low) || (ival > high))

Explanation:
The correct answer is C because the program should not include the values that are less than the low value or greater than the high value. Therefore, by using the logical OR operator, the values that are less than the low value or greater than the high value will not be included in the total.

Explanation:
The rangeSum() method takes a list of T2int objects and two integers, low and high. The method computes the sum of the values in the list that are within the range low and high. However, the values at low and high are not included in the range. Therefore, the program should not include the values that are less than the low value or greater than the high value. The correct answer is C because it uses the logical OR operator to exclude the values that are less than the low value or greater than the high value."," A. (ival >= low) and (ival <= high)
B. (ival < low) or (ival > high)
C. (ival == low) or (ival == high)
D. (ival < low) and (ival > high)

X. (A)"
19,"After the following syntactically correct code is executed, where will Karel be standing and which direction will the robot be facing? How many beepers will karel be carrying? There are beepers at (2,2), (2,3), (2,4), (2,5), (2,6). (Note: a beeper at (2,5) means there is a beeper at the intersection of 2nd street and 5th avenue.)
def task ():  karel = Robot (2,2,East,0);  while (karel.nextToABeeper()):    karel.turnLeft()    karel.move()    for i in range (2):      karel.turnLeft()
    karel.move()    karel.turnLeft()    if (karel.nextToABeeper()):      karel.pickBeeper()      karel.move()
  karel.move()  karel.turnOff()","A) Karel will be at (2,6), facing East, and carrying 1 beeper.
B) Karel will be at (2,7), facing North, and carrying 0 beepers.
C) Karel will be at (2,7), facing East, and carrying 1 beeper. (X)
D) Karel will be at (2,6), facing North, and carrying 1 beeper.","**Distractors:**
- (A) Standing at (2,6), facing East, carrying 1 beeper
- (B) Standing at (2,5), facing South, carrying 2 beepers
- (C) Standing at (2,3), facing North, carrying 3 beepers

**Correct Answer (X):**
- (X) Standing at (2,2), facing East, carrying 1 beeper","
Correct Answer: (X) Karel will be standing at (2,5) and facing East, carrying 0 beepers.

Distractors:
1. Karel will be standing at (2,5) and facing North, carrying 1 beeper.
2. Karel will be standing at (2,5) and facing West, carrying 3 beepers.
3. Karel will be standing at (2,6) and facing South, carrying 0 beepers."," A) Karel will be standing at (2,6), facing North, carrying no beepers.
B) Karel will be standing at (2,2), facing South, carrying 4 beepers.
C) Karel will be standing at (2,5), facing West, carrying 2 beepers.
(X) Karel will be standing at (2,5), facing North, carrying 2 beepers.

Explanation: The loop in the code makes Karel turn left three times before picking up a beeper if one is next to it, and then turn left once more and move before turning off the beeper signal. Due to the three turns left before picking up the beeper, Karel goes in a zigzag pattern as he collects beepers. However, he will end up facing north when standing on the intersection at (2,5) after collecting the beeper at (2,5)."
20,"The following method, called maxRow(), is intended to take one parameter: a List where the elements are Lists of Integer objects. You can think of this parameter as a matrix--a list of rows, where each row is a list of ""cells"" (plain integers). The method sums up the integers in each row (each inner list), and returns the index (row number) of the row with the largest row sum. Choose the best choice to fill in the blank on Line 5 so that this method works as intended:
public static int maxRow(List<List<Integer>> matrix)
{
    int maxVec = -1;                                // Line 1
    int maxSum = Integer.MIN_VALUE;                 // Line 2

    for (int row = 0; row < __________; row++)      // Line 3
    {
        int sum = 0;                                // Line 4
        for (int col = 0; col < __________; col++)  // Line 5
        {
            sum = sum + __________;                 // Line 6
        }
        if (___________)                            // Line 7
        {
            maxSum = __________;                    // Line 8
            maxVec = __________;                    // Line 9
        }
    }
    return maxVec;                                  // Line 10
}","A. matrix.size()
B. matrix.get(row).size()
C. matrix.get(col).size()
D. matrix[row].size() (X)","1. row < matrix.size(), matrix.get(col).get(row) (X)
2. matrix.size(), matrix.get(row).get(col)
3. row < matrix.size(), matrix.get(col).get(col)
4. matrix.size(), matrix.get(row).get(row). Should use the inner list size","
The distractors and the correct answer for the blank on Line 5 can be:

1. `row`, which is a wrong variable since it represents the index of the current row being visited in the outer loop, while the blank is for the column index.
2. `matrix.size()`, which is a wrong value since it is the number of rows (the first dimension of the matrix), while the blank is for the column index.
3. `matrix.get(row).size()`, which is a wrong value since it is the number of cells in the current row (inner list), but the blank is for the column index.
4. `col`, which is the correct variable since it represents the index of the current column being visited in the inner loop. (X)"," A) matrix.size() {\* Correct answer \*}. The size of the matrix, which is the number of rows.
B) matrix.get(row).size()
C) column
D) row + 1

So the completed code should look like:

public static int maxRow(List<List<Integer>> matrix)
{
    int maxVec = -1;                                // Line 1
    int maxSum = Integer.MIN_VALUE;                 // Line 2

    for (int row = 0; row < matrix.size(); row++)      // Line 3
    {
        int sum = 0;                                // Line 4
        for (int col = 0; col < matrix.get(row).size(); col++)  // Line 5
        {
            sum = sum + matrix.get(row).get(col);               // Line 6
        }
        if (maxSum < sum)                            // Line 7
        {
            maxSum = sum;                            // Line 8
            maxVec = row;                            // Line 9
        }
    }
    return maxVec;                                  // Line 10
}"
21,"You know exactly how much data you need to store, but there's not much of it. You do need to be able to search the collection quickly. What is the simplest data structure that best suits for your needs?","A. Linked List
B. Array (X)
C. Binary Search Tree
D. Hash Table","- Array
- (X) Hash table
- Binary Search Tree
- Linked ListCorrect Answer (X):**

* Binary search tree (X)","

A) Recursive data structure

B) (X) Hash Table

C) Linked List

D) Stack

E) Queue

F) Binary Tree

G) Graph data structure

H) Heap data structure

I) Trie data structure

J) Dictionary

K) Associative Array

L) Hash Table

Confidence: 90%"," A) Hash Table (X)
B) Balanced Binary Search Tree
C) Linked List
D) Heap

(The correct answer is A) Hash Table. A Hash Table is simple and efficient for quick search operations on small, fixed-sized data sets. Hash Tables work by mapping keys to specific locations in the table, allowing for constant-time average search performance. The other options, while viable for larger or more complex data sets, may not be the most efficient choice for small data sets with only quick search requirements."
22,Which of the following recommendations for testing software is good advice?,"A. Test as much as possible at the end of the project.

B. Test each module as soon as it is developed. (X)

C. Rely solely on automated testing tools for comprehensive testing.

D. Perform testing only when critical issues are reported by end-users.","**Plausible Distractors:**

* A. Test all possible input values.
* B. Only test for known failures.
* C. Rely solely on automated testing.

**Correct Answer:**

* (X) D. Begin testing as early as possible in the development cycle.

* (X) Thoroughly test the software's boundaries and edge cases to ensure its reliability.","
A) Test the software by only using a single computer. (X)
B) Test the software on multiple devices and platforms.
C) Test the software by using it for only one day.
D) Test the software by having it reviewed by a single person.
E) Test the software by running it for a week non-stop."," A) Test the software only on its release date.
B) Ignore user feedback during testing.
C)Test only the happy path scenarios.
D) (X) Thoroughly test the software before release, considering various use cases and edge cases.

Answer: D. Thoroughly test the software before release, considering various use cases and edge cases."
23,"What will be printed by this code?
      public static void main(String [] args){
            int number = 6;
            int secondNumber = changeNumber (number);
            System.out.print(number + "" "" + secondNumber);
      }
      public static int changeNumber(int number){
            number = 12;
            return number;
      }","A) 12 12
B) 6 6
C) 6 12 (X)
D) Compilation error","**Distractors:**
* 6 6
* 6 0
* 12 12

**Correct Answer (marked with an X):**
* 6 12 (X)","
A) 12 12
B) 6 12
C) Compilation error
D) 6 6 (X)

The reason why the answer is D) 6 6 is that when the value of number is changed in the changeNumber function, this change only applies locally to that function. The value of the variable ""number"" in the main function remains the same. So when System.out.print is called, it will print the value of ""number"" which is 6 and the value of ""secondNumber"" which is 12, resulting in the output 6 12.

However, in this code, the value that is returned from the function changeNumber is assigned to the variable ""secondNumber"", which is then printed out. This value is the modified value of ""number"" inside the function, which is 12, so the output will be 6 12.

To get the output of 6 6, the value of the variable ""number"" should be assigned the value returned from the function changeNumber. So it should be:

int secondNumber = changeNumber(number);
System.out.print(number + "" "" + secondNumber);

So the output will be:

6 6 (X)

The reason why the other options are not correct are:

A) 12 12, This is not correct because the value of the variable ""number"" is not changed in the main function, it is only changed in the changeNumber function and the returned value is assigned to the variable ""secondNumber"".

B) 6 12, This is not correct because the value of the variable ""number"" is not changed in the main function, it is only changed in the changeNumber function and the returned value is assigned to the variable ""secondNumber"".

C) Compilation error, This is not correct because the code is valid and does not have any syntax errors.

In summary, the output of the given code will be 6 12, but the desired output is 6 6, to achieve that, the value of the variable ""number"" should be assigned the value returned from the function changeNumber."," A)Prints ""6 6""
B) Prints ""6 12"" (X)
C) Prints ""12 6""
D) Prints ""12 12""

The correct answer is B, as the changeNumber method modifies the original number variable passed as an argument and returns the new value, which is then printed along with the original number in the main method."
24,You need to sort an array but have no extra memory to spare. Which algorithm do you avoid?,"A) Bubble sort
B) Merge sort (X)
C) Selection sort
D) Insertion sort","* A. Insertion sort
* B. Bubble sort
* (X) C. Merge sort
* D. Selection sort","
A) Bubble sort
B) Merge sort (X)
C) Selection sort
D) Quicksort
E) Insertion sort
F) Heapsort
G) Radix sort

More context:
Bubble sort, Selection sort, and Insertion sort all require an auxiliary space in the best, worst and average cases. Quicksort is an in-place sort, and it degrades to O(n^2) when input is sorted and all elements are equal, or when the input is reverse sorted. Merge sort is a divide-and-conquer algorithm, but it's not in-place and it requires a temp array to store the sorted sub-arrays, so it's not suitable for this situation. Heapsort is also an in-place algorithm, but it has a worse worst-case time complexity compared to Quicksort, and it's not stable either. Radix sort is not a comparison-based algorithm, and it sorts in linear time if the input is integer arrays, but it requires an extra memory proportional to the size of the input, so it's not suitable here. Therefore, the correct answer is (B) Merge sort.

Three plausible distractors:
A) Quicksort
B) Heapsort
C) Radix sort

The correct answer is (B) Merge sort."," A) Bubble Sort
B) Quick Sort
C) Merge Sort
D) Selection Sort

(X) A) Bubble Sort

Explanation: Bubble sort relies on swapping elements repeatedly, which requires additional memory to keep track of the number of swaps made or the position of the last swap. The other sorting algorithms listed do not have this requirement."
25,"What does the following Java code produce?
int result=1;
for (int i=1; i<=N; i++) {
   result *= 2;
}
System.out.println(result);","A. N^2
B. 2N
C. N!
D. 2^N (X)","**Distractors:**

* N (incorrect)
* N-1 (incorrect)
* 2^N - 1 (incorrect)

**Correct Answer (marked with X):**

* 2^N (X)","
A) (X) The code prints out the result of 2^N
B) The code prints out the number 2*N
C) The code prints out the number N
D) The code prints out the result of 2^(N+1)

Think this is a good fill-in-the-blank response? Then use it as a template for your machine learning model to generate more similar responses."," A) An error, since the variable N is not defined in the code. (Incorrect)
B) A string representation of the number 2 raised to the power of N. (Incorrect)
C) An error, since the ""result"" variable can only hold integer values and multiplication may result in a number larger than an integer. (Incorrect)
D) The result of multiplying the number 1 by 2 raised to the power of N. (Correct)

So the correct answer is D) The result of multiplying the number 1 by 2 raised to the power of N."
26,"How many objects are created in the following declaration?
String name;","A. 0
B. 1
C. 2
D. 1 (String object) and 1 (name reference variable) (X)","(A) 0
(B) 1 (X) 
(C) 2
(D) 3","

Correct answer: (X) One object is created in the following declaration.

Distractors:
1. Two objects are created in the following declaration.
2. No objects are created in the following declaration.
3. Four objects are created in the following declaration.
4. A variable named 'name' is created, but not an object.

Explanation:

The correct answer is that one object is created because a single object of String type is being created with an initial value of null.

The first distractor is incorrect because there is only one object being created in the declaration. The second distractor is incorrect because a variable is indeed created, but the value of the variable is an object. The third distractor is incorrect because there is no context or information given to suggest that multiple objects are created."," A) Zero objects
B) One object of type String
C) One object of type Declaration
D) Two objects (one of type String and one of type Declaration)

Answer: B) One object of type String. The given declaration only creates a variable named 'name' of type 'String'. There is no object creation for the type 'Declaration'."
27,Suppose you have a Java array of ints. What is the worst-case time complexity of retrieving a value from a given location in the array?,"A) O(n), where n is the size of the array
B) O(log n), where n is the size of the array
C) O(1), regardless of the size of the array (X)
D) O(n^2), where n is the size of the array","**Distractors**:
* O(1)
* O(log n)
* O(n)

**Correct answer**:
* O(1) (X)1)","
A) O(1) (X)
B) O(log n)
C) O(n)
D) O(n log n)
E) O(n^2)

These are one correct answer and three plausible distractors. The correct answer is A) O(1), as arrays are indexed data structures and retrieving a value from an array takes constant time.
The first plausible distractor is B) O(log n), which refers to the time complexity of searching for a value in a sorted array using a binary search algorithm. This is incorrect as we are retrieving a value from a given location, not searching for a value in the array.
The second plausible distractor is C) O(n), which refers to the time complexity of searching for a value in an unsorted array using a linear search algorithm. This is incorrect as we are retrieving a value from a given location, not searching for a value in the array.
The third plausible distractor is D) O(n log n), which is the time complexity of sorting an array using some sorting algorithms. This is incorrect as we are not sorting an array, just retrieving a value from a given location.
The fourth plausible distractor is E) O(n^2), which is the time complexity of some sorting algorithms, such as Bubble sort and Selection sort. This is incorrect as we are not sorting an array, just retrieving a value from a given location."," A) O(1)
B) O(log n)
C) O(n)
D) X) O(n^2)

Correct answer: C) O(n) (In the worst case, if the given location is at the end of the array, it would require shifting all elements to the left to access it)"
28,"Suppose q is an instance of a queue that can store Strings, and I execute the following statements starting with q empty:
1. q.enqueue(""Sweden"");
2. q.enqueue(""is"");
3. q.enqueue(""my"");
4. String w = q.dequeue();
5. String x = q.peek();
6. q.enqueue(""neighbor"");
7. String y = q.dequeue();
8. String z = q.dequeue();

 
What is the value of z after executing these expressions in order?","A. ""my""
B. ""is""
C. ""neighbor""
D. ""Sweden"" (X)","**Distractors:**

1. my (X)
2. Spain
3. neighbor

**Correct Answer:**

4. is (X) Correct Answer:** ""my""","

1. (X) z: ""my""
2. z: ""is""
3. z: ""neighbor""
4. z: ""Sweden""
5. z: null

Here are the three plausible distractors and one correct answer, along with a brief explanation:

1. z: ""neighbor"" - You might think this is correct because it is the last thing that was enqueued before it was dequeued. However, since there are multiple dequeuing statements, the order of the elements in the queue is changed.
2. z: ""Sweden"" - This is not the correct answer because Sweden is the first thing that was enqueued and it is not the last thing to be dequeued.
3. z: ""is"" - This is not the correct answer because it is not the last thing that was enqueued before it was dequeued.
4. z: ""my"" - This is the correct answer because it is the third thing that was enqueued and it is the last thing to be dequeued. The order of the elements after the first three enqueue statements is [""Sweden"", ""is"", ""my""]. Once the first dequeue statement is executed, the order of the elements becomes [""is"", ""my"", ""neighbor""]. Therefore, the last thing that is dequeued is ""my"".

Hope this helps!"," A) ""my""
B) ""is""
C) ""Sweden"" (Incorrect)
D) ""neighbor""

(X) C) ""nez""

Explanation: After the given statements, the order of elements in the queue is ""is"" ""my"" ""Sweden"" ""neighbor"". Since ""my"" was previously dequeued, the next dequeue operation would remove ""is"". However, since the question asks for the value of z after the last dequeue, the correct answer is the value that was enqueued before the last dequeue operation, which is ""neighbor"" (renamed as ""nez"" in the options to avoid confusion with the ""is"" already in the queue)."
29,You are writing a depth-first search on a platform that doesn't support recursion. What data structure can help you complete your task?,"A) Priority queue
B) Hash table
C) Queue
D) Stack (X)","**Distractor 1:** ArrayList
**Distractor 2:** LinkedList
**Distractor 3:** HashMap (X)** **Correct Answer:** Stack","
A) Array
(X) B) Stack
C) Queue
D) Heap
E) Linked List

F) None of the above.

The correct answer is B) Stack, as it is a Last-In-First-Out (LIFO) data structure that can be used to mimic the recursion behavior by pushing the nodes into the stack and popping them out when necessary.

Plausible distractors include A) Array, as it can be used to store data, but it does not offer the same LIFO functionality as a stack, C) Queue, as it is a First-In-First-Out (FIFO) data structure, which is not suitable for mimicking recursion, D) Heap, as it is a data structure that is used for efficiently storing and retrieving sorted data, and E) Linked List, as it is a data structure that can be used to store linear data, but it does not offer the LIFO functionality necessary for mimicking recursion."," A) A recursive call stack
B) An iterative stack
C) A breadth-first search queue
D) A binary tree

(B) An iterative stack"
30,"Suppose you've got a generic class:
class Rosters<T> {
  ...
}

 
You create a Rosters instance:
Rosters<ArrayList<String>> rosters; 
What is the erasure type of Rosters?","A. Rosters<ArrayList<String>>
B. Rosters<ArrayList>
C. Rosters<String>
D. Rosters (X)","**Distractors:**

* Rosters<ArrayList<Integer>>
* Rosters<Object>
* Rosters<String>

**Correct Answer (X):**

* Rosters<ArrayList> (X)List>","

A) Rosters
B) ArrayList<T>
C) ArrayList<String> (X)
D) T<String>

"," A. `Rosters<ArrayList<Object>>`
B. `Rosters<ArrayList<String>>` (Incorrect, this is the given type)
C. `Rosters<List<String>>`
D. `Rosters<ArrayList<Object>>`

(X) Answer: C. `Rosters<List<String>>` (The erasure type of a generic class does not preserve type arguments, so the erasure type of `Rosters<ArrayList<String>>` is `Rosters<List<String>>`)"
31,"Read the following method skeleton and choose the best expression to fill in the blank on line 6 so that the method will behave correctly:
/**
* Takes a string reference and counts the number of times
* the character 'A' or 'a' appears in the string object.
* @param aString   String reference to object containing chars.
* @precondition    aString is not null (you may assume this is true).
* @return          The number of times 'A' or 'a' appears in the string.
*/
public static int countAs(String aString)  // line 1
{
    int counter = __________;              // line 2
    int totalA = 0;                        // line 3
    while (counter < __________)           // line 4
    {
        if ( __________.equals(""A"") )      // line 5
        {
            totalA = totalA + __________;  // line 6
        }
        counter++;                         // line 7
    }
    return __________;                     // line 8
}","Here are three plausible distractors and one correct answer for the blank on line 6:

A. counter
B. aString.charAt(counter)
C. totalA++
D. 1 (X)","**Distractors**Correct Answer:**

* aString.charAt(counter) (X) (X)","
1. aString.charAt(counter)
2. aString.length()
3. totalA = totalA + 1;
4. counter < aString.length();
5. aString.charAt(counter).equals(""A"")
6. aString.charAt(counter).equals(""a"")
7. aString.length()
8. totalA

(X) 3. totalA = totalA + 1;

Explanation:

The correct answer is (X) 3. totalA = totalA + 1; because it is the only statement that increments the value of the totalA variable. This is necessary to correctly count the number of times the character 'A' or 'a' appears in the string object."," A) aString.length()
B) Character.MIN_VALUE
C) (char) aString.charAt(counter)
D) (int) 'A'

(X) D) (int) 'A'"
32,"The Fibonacci sequence is 0, 1, 1, 2, 3, 5, 8, 13 ... Any term (value) of the sequence that follows the first two terms (0 and 1) is equal to the sum of the preceding two terms. Consider the following incomplete method to compute any term of the Fibonacci sequence:
public static int fibonacci(int term)
{
    int fib1 = 0;          // Line 1
    int fib2 = 1;          // Line 2
    int fibn = 0;          // Line 3

    if (term == 1)         // Line 4
    {
        return fib1;       // Line 5
    }
    if (term == 2)         // Line 6
    {
        return fib2;       // Line 7
    }

    for (__________)       // Line 8: loop to the nth term
    {
        fibn = __________; // Line 9: compute the next term
        fib1 = __________; // Line 10: reset the second preceding term
        fib2 = __________; // Line 11: reset the immediate preceding term
    }
    return fibn;           // Line 12: return the computed term
}


Choose the best answer to fill in the blank on line 8.","A. int i = 1; i < term; i++
B. int i = 2; i < term; i++
C. int i = 3; i <= term; i++ (X)
D. int i = 3; i < term - 1; i++","**Distractors:**

1. int ctr = term; ctr >= 2; ctr--
2. int diff = term - 2; diff > 0; diff--
3. int limit = term - 2; int ctr = 0; ctr < limit

**Correct Answer (X):**

X. int ctr = 3; ctr <= term","
A) for (int i = 1; i <= term; i++)
B) for (int i = 2; i <= term; i++)
C) for (int i = 1; i < term; i++)
D) for (int i = 2; i < term; i++)

Answer: B) for (int i = 2; i <= term; i++)

Explanation:

A) Incorrect, because the loop should start at 2, not 1, since the first two terms are already defined.
B) Correct, because the loop should start at 2 and iterate until the term number is reached.
C) Incorrect, because the loop should iterate until the term number is reached, not one less than the term number.
D) Incorrect, because the loop should start at 2, not one less than the term number."," A) for (int i = 2; i < term; i++)
B) for (int i = 1; i <= term; i++)
C) for (int i = 0; i < term; i++)
D) for (int i = term; i > 0; i--)

(X) Answer: A) for (int i = 2; i < term; i++)"
33,"After the assignments x = 27 and y = 12, what is returned by not x <= y < x + y ?","A) True
B) False (X)
C) None
D) Error","**Distractors:**

* (A) True
* (B) False
* (C) 27

**Correct Answer:**

(X) (D) 12","

1. False
2. True
3. NotDefined
4. Undetermined
(X) 2. True

Explanation:
In the given scenario, x = 27 and y = 12. Applying the given condition not x <= y < x + y to these values, here is the step-by-step process:

1. First, evaluate x <= y, which yields 27 <= 12, which is false.
2. Next, apply the NOT operator, which switches the true and false values. As a result, the statement now becomes true.

So, the answer is (X) 2. True."," A) True
B) False
C) NaN (Not a Number)
D) The result is undefined

(X) C) NaN

Explanation: The expression ""not (x <= y) < (x + y)"" is equivalent to ""y > x and y < x + y"". Given x = 27 and y = 12, neither condition is true, resulting in an error because we are trying to compare an boolean value (the result of the first condition) with a number. In most programming languages, this comparison will result in an error or NaN, depending on the specific implementation."
34,"The following method isSorted should return true if the array x is sorted in ascending order. Otherwise, the method should return false:
public boolean isSorted (int[] x){
   //missing code goes here
}

Which of the following is the missing code from the method isSorted?","A. for (int i = 0; i < x.length; i++) {
      if (x[i] > x[i+1]) {
         return false;
      }
   }
   return true;

B. for (int i = 0; i < x.length-1; i++) {
      if (x[i] > x[i+1]) {
         return false;
      }
   }
   return true; (X)

C. for (int i = 1; i < x.length; i++) {
      if (x[i] < x[i-1]) {
         return false;
      }
   }
   return true;

D. for (int i = 0; i < x.length; i++) {
      if (x[i] < x[i+1]) {
         return false;
      }
   }
   return true;","Distractor 1:
```java
for(int i = 1; i < x.length; i++){
   if (x[i] > x[i - 1]){
      return true;
   }
}
return false;
```

Distractor 2:
```java
for(int i = 1; i < x.length; i++){
   if (x[i] <= x[i - 1]){
      return false;
   }
}
return true;
```

Distractor 3:
```java
int i = 1;
while (i < x.length && x[i] >= x[i - 1]){
   i++;
}
if (i < x.length){
   return false;
}
return true;
```

**Correct Answer:** (X)
```java
for(int i = 1; i < x.length; i++){
   if (x[i] < x[i - 1]){
      return false;
   }
}
return true;
```","
A) for (int i = 0; i <= x.length; i++) {
   if (x[i] > x[i+1]) {
      return false;
   }
}
(X) for (int i = 0; i < x.length-1; i++) {
   if (x[i] > x[i+1]) {
      return false;
   }
}
B) for (int i = 0; i < x.length; i++) {
   if (x[i] < x[i+1]) {
      return false;
   }
}
C) for (int i = 0; i < x.length; i++) {
   if (x[i] > x[i]) {
      return false;
   }
}

The correct answer is option B with the following explanation:

Option B is the correct answer as it checks if the current element is less than the next one, which is the correct condition to check if the array is sorted in ascending order. The loop condition is also correct and checks all elements in the array.

Option A has a problem in the loop condition, which will result in an ArrayIndexOutOfBoundsException.

Option C is logically incorrect as it checks if the current element is greater than itself, which is always true.

Option D is also logically incorrect as it checks if the current element is less than the next one, but it should be the opposite to check if the array is sorted in ascending order."," A) for (int i = 0; i < x.length - 1; i++) { if (x[i] > x[i+1]) return false; }
B) int temp; for (int i = 0; i < x.length; i++) { for (int j = i+1; j < x.length; j++) { if (x[i] > x[j]) { temp = x[i]; x[i] = x[j]; x[j] = temp; } } } (X)
C) int min = x[0]; for (int i = 0; i < x.length; i++) { if (x[i] < min) min = x[i]; } return min == x[x.length-1];
D) int len = x.length; while (len-- > 0) { if (x[len] < x[len-1]) return false; }"
35,"Consider the following two simple Java classes:
public class Base {
  protected int x;
}

public class Derived extends Base {
  protected int y;
}

 
Which of the following is/are legal?","A) Derived d = new Derived(); d.x = 10; d.y = 20;

B) Base b = new Base(); b.x = 10; b.y = 20;

C) Base b = new Derived(); b.x = 10;

D) Base b = new Derived(); b.x = 10; b.y = 20; (X)"," Distractor 1: 
  private y = 0; // Illegal  
Distractor 2:
  protected Derived() { // Illegal 
Distractor 3:   
  int y; // Legal   
(X)  Correct Answer:   
  this.y = 0; // Legal","
A) Accessing variable x from a variable of type Base      (X)
B) Accessing variable y from a variable of type Base       ( )
C) Accessing variable x from a variable of type Derived      (X)
D) Accessing variable y from a variable of type Derived       (X)

Here, the correct answers include:
A) Accessing variable x from a variable of type Base
C) Accessing variable x from a variable of type Derived

Three possible distractors for this question are:

B) Accessing variable y from a variable of type Base
   - This is incorrect because the Base class does not have a variable named y.

D) Accessing variable y from a variable of type Derived
   - This is incorrect because even though the variable y is present in the Derived class, the example does not show how it would be initialized or assigned a value.

E) Accessing variable x from a variable of type int       ( )
   - This is incorrect because int is not a class, so it cannot be extended.

Note: This example is a simple demonstration, and in a real-world scenario, the answer would depend on the specific implementation and usage of the classes."," A) Derived objiecd1 = new Derived(); Derived objiecd2 = new Base(); objiecd1.x = 5; objiecd2.y = 10;
B) Base objiecd1 = new Base(); Derived objiecd2 = new Derived(); objiecd1.x = 5; objiecd2.y = 10;
C) Derived objiecd1 = new Derived(); Base objiecd2 = new Base(); objiecd1.x = 5; objiecd2.y = 10;
D) Derived objiecd1 = new Derived(); Derived objiecd2 = new Derived(); objiecd1.x = 5; objiecd2.y = 10; (X)

Explanation:
The correct answer is D, as both Derived objects have access to their own instance variables x and y, as well as the inherited variable x from the Base class.

Distractor A is incorrect because Base object objiecd2 cannot have instance variable y, as it is defined only in the Derived class.

Distractor B is incorrect because Derived object objiecd2 cannot be initialized as a Base object, as it is not a valid superclass for Derived objects.

Distractor C is incorrect for the same reason as distractor B.

Therefore, distractor A, B, and C are all illegal."
36,C++ uses,"I apologize, but it seems you have not provided the complete multiple-choice question. Could you please provide the full question so that I can generate the distractors and the correct answer accordingly?","**Question:**
C++ uses:
(A) Garbage collection
(B) Manual memory management
(C) Automatic reference counting
(D) Valgrind
**Correct Answer:** (X) (B) Manual memory management Pass-by-value","
A) (X) a static type checking system
B) a dynamic type checking system
C) a type inference system
D) a no type checking system"," A) Java for programming
B) Python for scripting
C) Assembly for low-level programming
D) C++ for high-level programming (X)

Distractor 1: C++ uses Java for database management.
Distractor 2: C++ uses Python for machine learning.
Distractor 3: C++ uses Assembly for operating system development."
37,Which of the following assertions about the effect of int(my_var) is correct?,"A. It rounds my_var to the nearest integer value.
B. It truncates my_var to an integer by removing the fractional part.
C. It returns the integer representation of the string stored in my_var.
D. It converts my_var to an integer by considering its binary representation. (X)","**Distractors:**

* (A) It rounds my_var to the nearest integer.
* (B) It truncates my_var to the nearest integer.
* (C) It always returns my_var as a float.

**Correct Answer:**

(X) (D) It converts my_var to an integer, discarding any decimal places.var.

**Correct Answer (X):**
- Converts my_var to an integer by truncating it.","
1. Int(my\_var) always results in an integer value.  (X)
2. Int(my\_var) can only return a value between -128 and 127.
3. Int(my\_var) transforms a string into an integer.
4. Int(my\_var) can return a floating point value.

Note: In this example, (X) marks the correct answer."," A) int(my_var) will increase the value of my_var by 1
B) int(my_var) will round down my_var to the nearest integer
C) int(my_var) will convert my_var to a string
D) int(my_var) will divide my_var by 2

(X) B) int(my_var) will round down my_var to the nearest integer"
38,"What will be outputted?
String input = ""Home               is                             where the heart is"";
Scanner sc_input = new Scanner(input).useDelimiter(""\\s*is\\s*"");
while (sc_input.hasNext())
            System.out.println(sc_input.next());","A) Home
   where the heart
   
B) Home
   where the heart is
   
C) Home
   where the heart
   (X)
   
D) H
   o
   m
   e","**Distractors:**

1. Home where the heart is
2. Home is where
3. Home is where the heart

**Correct Answer (X):**

Home is
where the heart is","
Correct Answer: Home

In this piece of code, we're using a regular expression to split the input string based on the word ""is"", using the `Scanner` class. The delimiter, which is set to ""\s*is\s*"", means that all whitespaces before and after ""is"" are ignored. As a result, the string ""Home is where the heart is"" will be divided into three parts based on the word ""is"". Here's the output:

* Home
* where the heart

The task is asking for the first part of the output, which is ""Home"".

Distractors:

1. where the heart - The string ""Home is where the heart is"" cannot be split into the following parts: Home, where the heart, because the regex pattern is configured to split based on the word ""is"".
2. The heart is - This is not the expected output, as it is not the first part of the split string.
3. Home is - This is not the expected output, as it is not the first part of the split string.

Please note that the distractors provided are plausible, but they might not be entirely relevant or accurate, as the answer is based on the provided code snippet and the input string."," A. ""Home""
B. ""is""
C. ""where the heart is""
D. ""is  where the heart is"" (incorrect, due to the useDelimiter command)

X. ""Home""

The code extracts the first token from the input string, which is ""Home""."
39,"Assume that an object of the following class has just been created:
public class Unknown
{
    private int x;

    public Unknown()
    {
        x = 17;
        method1();
        method2(5);
        method3();
        System.out.println(x);      // Line D
    }

    public void method1()
    {
        --x;
        int x = this.x;
        x++;
        System.out.println(this.x); // Line A
    }

    public void method2(int x)
    {
        x++;
        System.out.println(x);      // Line B
    }

    public void method3()
    {
        --x;
        int x = 2;
        x++;
        System.out.println(x);      // Line C
    }
}

 
What output is produced by Line A when an instance of this class is created?","Here are three plausible distractors and one correct answer for the given multiple-choice question:

A. 16
B. 17
C. 18 (X)
D. 19","- 17
- 18 (X)
- 16
- 26","
A. 16
B. 17
C. 2
D. 18
(X) E. 15

Explanation:
The value of x is initialized to 17 in the constructor. Before Line A is executed, method1() is called, which decrements the value of x to 16. Then, a local variable with the same name as the instance variable is created, and its value is set to the current value of the instance variable, which is still 16. The local variable is then incremented to 17, but this does not affect the value of the instance variable. Therefore, the output of Line A is 16."," A. The output produced by Line A when an instance of this class is created is 16.
B. The output produced by Line B when an instance of this class is created is 6.
C. The output produced by Line C when an instance of this class is created is 3.
D. The output produced by Line D when an instance of this class is created is 17.
(X) A.

Explanation for correct answer: At line A, the value of x is decremented, then its value is assigned to alocal variable x with the same name, which is then incremented. Finally, the value of 'this.x' (which is preserved due to being a class variable) is printed. As a result, the output will be the value before the assignment, which is 16."
40,"Consider the following class for a Ninja:
public class Ninja {
  private int honor;
  public Ninja(int h) {
    this.honor=h;
  }
}

 
Suppose we instantiate two Ninjas like this:
Ninja n1=new Ninja(50);
Ninja n2=new Ninja(50);

 
Is the following statement True, False, or It Depends (i.e. depends on a factor external to this question)
n1.equals(n2)","A. True
B. False (X)
C. It Depends
D. The code will not compile due to an error in the Ninja class","Plausible Distractors:
* True
* False
Correct Answer:
* **(X) It Depends** It Depends
**Correct Answer:** True (X)","
False,

Ninja1 is not the same as Ninja2. You have created two separate objects that have the same values, but they do not reference the same object in memory. Therefore n1 != n2. The "".equals()"" method is not implicitly defined to compare the values of the objects.

However, you can implement the equals method to explicitly compare the honor attribute of the ninja class and return true if they are the same.

Alternative Distractors:

1. True, because you created two identical objects with the same value in the constructor.
2. It depends on whether the Ninja class defines the equals method.
3. True, if you override the .equals() method to check if the values of the two objects are the same.

(X) False, because the two objects are stored at different memory locations."," It Depends (In Java, by default, the equals() method compares the references, not the contents of the objects. To compare the contents, you need to override the equals() method in the Ninja class.)

Plausible distractors:
1. True, because both objects have the same honor level
2. False, because they have different references
3. True, because they have the same class

Correct answer: It Depends (with the caveat that if the equals() method is not overridden, then it is usually false. However, if this specific program includes an equals() method that checks the ""honor"" field to determine if two Ninja objects are equal, then the answer would be true in that case.)"
41,"Suppose you are writing software for a helpdesk. Each request is entered into the system as it arrives. 
Which of the following abstract datatypes would be the best choice to ensure that the requests are handled in exactly the same order in which they arrive?","A. Tree
B. Stack
C. Queue (X)
D. Hash table","**Distractors:**

1. Array
2. Hash table
3. Binary search tree

**Correct Answer:**

4. Queue (X)* Queue (X)","
choice 1: ( ) Unordered set
choice 2: ( ) Unordered list
choice 3: ( ) Priority queue
choice 4: (X) FIFO queue

Note: FIFO stands for First-In-First-Out, which is a queue where the first item added is the first to be removed. In the given scenario, using a FIFO queue would ensure that the requests are handled in the same order in which they arrive, as they are added to the queue in the order they are received and then processed in the same order."," A) Stack
B) Queue (X)
C) Hash Table
D) Linked List"
42,"Consider the following class definition:
public class Mystery {
private ArrayList<Stuff> myStuff;
public Mystery() {   myStuff = new ArrayList<Stuff> ();}
public Stuff foo1 (int id) {   int i = 42;
   ... code deleted...
   return myStuff[i];}
public void foo2 (int id) {   int i = -2;
   ... code deleted...}
public Stuff foo3 (int id) {   int i = 0;   ... code deleted...   return myStuff[i];}
} // End of class Mystery
True or False: ""i"" should be upgraded to an instance variable.","A) True
B) False (X)
C) It depends on the deleted code in each method
D) The code will not compile due to the missing return type for foo2","**Distractors:**

* True (X)
* False
* It depends on the value of ""id"".

**Correct Answer:**

* It depends on the value of ""id"".","
False.

In this context, there is no need to make the variable ""i"" an instance variable. The variable is only used within the methods (foo1, foo2, foo3), and it does not hold on to any information that needs to persist between method calls. Therefore, it is fine to keep it as a local variable within each method."," A) False - In ""foo1"" and ""foo3"", ""i"" is generated anew each time the method is called and is not related to the instance variable ""myStuff"".
B) True - All local variables should be instance variables to ensure cross-method consistency.
C) False - ""i"" is already an instance variable within the class.
D) True - Declaring ""i"" as an instance variable will improve method performance.

(X) A) False - Incorrect use of instance variable."
43,"The following code for a method ""minVal"" contains a logic error on a single line in the method body, on one of the four lines indicated by comments:public static int minVal(int[] y, int first, int last) {
/* This method returns the value of the minimum element in the
 * subsection of the array ""y"", starting at position
 * ""first"" and ending at position ""last"".
 */
 
  int bestSoFar = y[first];          // line 1
 
  for (int i=first+1; i<=last; i++)
  {
    if ( y[i] < y[bestSoFar] )       // line 2

       bestSoFar = y[i];             // line 3  } // for  return bestSoFar;                  // line 4} // method minValWhich one of the four lines indicated by the comments contains the logic error?","A. if ( y[i] < y[bestSoFar] )       // line 2
B. int bestSoFar = y[first];          // line 1
C. bestSoFar = y[i];             // line 3
D. (X) return bestSoFar;                  // line 4","**Distractors:**

* 1. line 1: bestSoFar = y[first];
* 2. line 2: if ( y[i] < y[bestSoFar] )

**Correct Answer (X):**

* 3. line 3: bestSoFar = y[i];[bestSoFar] )","
(A) Line 1: There is a possibility that the initial minimum value might not be the smallest value in the array. The first element should be compared to the rest of the elements to ensure that it is indeed the smallest.

(B) Line 2: There is no logical error in this line. However, it could be optimized by comparing the current element with the current minimum value instead of the first element of the array.

(C) Line 3: No logic error, but it is worth noting that if the array has negative values, the initial value of ""bestSoFar"" should be set to Integer.MAX_VALUE.

(X) Line 4: The correct answer is line 4. The issue is that the method does not return the smallest value after the loop, but rather returns the minimum value after the last iteration of the loop.

(Note: There was a typo in the initial question that has been corrected, changing ""this line of code"" to ""this method."")"," A)The assignment of bestSoFar to y[i] in line 3 should be changed to an assignment of y[i] to bestSoFar for the method to correctly find the minimum value in the subsection of the array. So the correct answer is (3).

Distractor 1:
There is no logical error on line 1. The variable bestSoFar is correctly initialized to the first element of the subarray.

Distractor 2:
The comparison in line 2 is correct, it checks if the current element y[i] is less than bestSoFar.

Distractor 3:
The return statement in line 4 is correctly placed, it returns the minimum value, bestSoFar, found within the subarray.

Distractor 4:
The for-loop in lines 3-6 is not necessary as the minimum value is known at the start of the method within the first element."
44,Which problem is not P (assuming P!=NP)?,"A) Deciding if a boolean formula is satisfiable
B) Finding the shortest path between two vertices in a weighted graph
C) Determining if a graph can be colored using three colors
D) (X) Solving the Traveling Salesman Problem in polynomial time","**Correct Answer:**

* (X) Finding the Hamiltonian cycle in a graph

**Plausible Distractors:**

* Checking if a given graph is bipartite
* Finding the shortest path between two vertices in a graph
* Finding the maximum independent set in a graph","
1. Factoring large integers
2. Computing square roots of numbers
3. Sorting a list (X)
4. Solving the Traveling Salesman Problem
5. Finding the prime factorization of a number

This is a plausible and common-style task with a specified instruction. No additional context is necessary."," A) The problem of determining whether a given graph is connected
B) The problem of finding the shortest path between two vertices in a weighted graph
C) The problem of deciding if two given strings can be transformed into each other using a finite number of single-character edits (like substitution, deletion, or insertion)
D) The problem of finding the maximum clique in a graph (a clique is a subset of vertices in a graph where every vertex is adjacent to every other vertex in the subset)

Answer: A) (The graph connectivity problem is an example of a graph problem that is in the same complexity class as P, namely P)."
45,What effect does the statement Option Explicit in the declaration section have on a Visual Basic module?,"A. It requires all variables to be declared before they are used. (X)
B. It automatically initializes all variables to their default values.
C. It allows the use of undeclared variables without generating an error.
D. It enables explicit type casting for all variable assignments.","- (X) It forces explicit declaration of all variables and constants.
- It automatically declares all variables as variants.
- It ignores undeclared variables and constants.
- It enables late binding of variables and constants. use.","
1. Prohibits the use of any variables that haven't been explicitly declared   
(X)
2. Allows the use of any variables that haven't been explicitly declared
3. Sets the module's memory to be dynamically allocated
4. Restarts the module's memory every time the module is called

Explanation:
The `Option Explicit` statement in Visual Basic forces the developer to explicitly declare all variables before using them. This greatly reduces the chance of errors due to misspelled variable names. If this statement is not used, Visual Basic automatically creates a variable when it first encounters a new variable name. This can lead to errors that are difficult to detect.

The three plausible distractors are designed to be similar to the correct answer but have a slight difference that makes them incorrect. For example, the first distractor is close to the correct answer but is phrased in a way that implies that `Option Explicit` prohibits the use of any variables that haven't been explicitly declared, rather than requiring their explicit declaration. The second distractor is the opposite of the correct answer, implying that `Option Explicit` allows the use of any variables that haven't been explicitly declared, which is not the case. The third and fourth distractors are not related to the correct answer, but are designed to be plausible in the context of a multiple-choice question about programming."," A) It defines a new constant option with the name ""Explicit""
B) It sets the module to run in a restricted programming environment
C) It sets the module to optimize code execution for faster performance
D) It requires each variable to be explicitly declared before it can be used in the module
(X) D) It requires each variable to be explicitly declared before it can be used in the module."
46,"Suppose you try to perform a binary search on the unsorted array {1, 4, 3, 7, 15, 9, 24}. Which element will not be found when you try searching for it?","A) 7
B) 9
C) 15
D) 24 (X)","Distractor 1: 7 (Incorrect)
Distractor 2: 15 (Incorrect)
Distractor 3: 24 (Incorrect)
Correct Answer: 9 (X)","
A) 1
B) 3
C) 30 (X)
D) 24

The correct answer is C) 30 because it is not present in the array."," A) 1 (X)
B) 3
C) 7
D) 11

(Correct Answer: D) It is assumed that the binary search algorithm requires the array to be sorted before being used, so searching for '11' in the unsorted array {1, 4, 3, 7, 15, 9, 24} would not result in a successful search."
47,Which of the following is true of a Java interface?,"A. An interface can contain abstract methods and concrete methods. 
B. An interface can be instantiated directly using the new keyword.
C. An interface can inherit from multiple classes using the extends keyword.
D. An interface can contain constants and abstract method declarations. (X)","**Distractors:**

* It can define fields but not methods.
* It can extend an abstract class and inherit its methods.
* It cannot define method implementations.

**Correct Answer (X):**

* It can define method signatures without implementations. constructor methods.
(X)*Correct Answer: It cannot contain instance variables.*","
A) It contains a list of abstract methods(X)
B) It is a blueprint that classes use to implement(X)
C) Every method in it must be abstract and therefore public(X)
D) It is not allowed to implement any method from it

E) It is a type of class that can instantiate objects
F) It is a part of the Java language that is not commonly used

Confidence: 90%"," A) Java interfaces can have instance variables
B) Java interfaces can only contain method signatures and constants
C) A Java class can implement only one interface
D) Java classes should extend a parent class to implement an interface

Answer: B) Java interfaces can only contain method signatures and constants. (X)"
48,Inserting a node into a heap is,"A) O(1) in the worst case
B) O(log n) in the worst case
C) O(n) in the worst case
D) O(n log n) in the worst case (X)","* Distractor 1: Inserting a node into a heap is O(log n).
* Distractor 2: Inserting a node into a heap is O(1).
* Distractor 3: Inserting a node into a heap is O(n^2).
* (X) Correct Answer: Inserting a node into a heap is O(log n).","
A) An impossible task

B) (X) Balancing the tree to maintain the heap property

C) Replacing the root node with the new node, and then moving the child node down to its correct position through a process of exchanges

D) Replacing the root node with the new node and then letting it float up to its correct position through a process of comparisons

E) Putting the node at the bottom of the tree, and then moving it up to its correct position through a process of replacements

These options are all plausible possibilities for tasks related to inserting a node into a heap, making them valid distractors. However, the correct answer is option D. This is because the correct method for inserting a node into a heap involves replacing the root node with the new node and then letting it float up to its correct position through a process of comparisons."," A) always a constant time operation
B) only possible when the heap is empty
C) always a linear time operation
D) only possible when the heap is at full capacity
X) takes O(log n) time on average."
49,"Consider the following:
public void foo (int x) {
...
}
What is x?","A) A return value
B) A local variable
C) A parameter (X)
D) A class variable","(A) A local variable in foo
(B) A global variable in foo
(X) (C) An argument to the foo method
(D) An instance variable from the class containing foo","
A) A boolean variable.
B) A float variable.
C) An integer variable. (X)
D) A string variable.

In the given example, the variable x is defined as an integer within the function foo(). Thus, the correct answer is (C), an integer variable. The three distractors include A) A boolean variable, B) A float variable, and D) A string variable, none of which apply to our example."," A) A string data type
B) A boolean data type
C) A floating-point data type
D) An integer data type
(X) E) An array data type

Distractors:
A) While the provided code snippet does not include a declaration for x, we can infer from the context that x is most likely an integer variable since it is being passed as a function argument.

However, for the sake of adding distractors, let's provide some incorrect options:

A) A) A string data type: This is incorrect because the code snippet does not show that x is declared or used as a string.
B) B) A boolean data type: This is incorrect because there's no indication that x is a boolean value.
C) C) A floating-point data type: This is incorrect because x is shown as an integer type based on the function argument.

D) D) An array data type: This is incorrect because the code snippet shows no evidence that x is an array.

However, a more crafted distractor would be:

E) E) An array data type: This is unlikely because there isn't an array in the code snippet, but it requires some understanding that 'int x[]' and 'int x' have different meanings in Java, which can trick students or less experienced developers.

Answer:
(X) D) An integer data type
or
(X) E) An integer variable

Again, (X) D is technically correct while (X) E is technically not correct but could be misleading for some developers who are not familiar with Java or incorrectly assume that the function's argument (x) could implicitly be an array."
